clistingid,csku,cimageurl,iorder,bthumbnail,bsmallimage,bbaseimage
5d5abc40-d986-1004-8e0c-b321d9e0c5c1,H14117,p/gu1/H/H14117/H14117-4-c6c5.JPG,9,t,f,f
5d5abc40-d986-1004-8e0c-b321d9e0c5c1,H14117,p/gu1/H/H14117/H14117-1-c6c5.jpg,8,t,f,f
5d5abc40-d986-1004-8e0c-b321d9e0c5c1,H14117,p/gu1/H/H14117/H14117-5-c6c5.JPG,7,t,f,f
5d5abc40-d986-1004-8e0c-b321d9e0c5c1,H14117,p/gu1/H/H14117/H14117-6-c6c5.JPG,6,t,f,f
5d5abc40-d986-1004-8e0c-b321d9e0c5c1,H14117,p/gu1/H/H14117/H14117-8-c6c5.JPG,5,t,f,f
5d5abc40-d986-1004-8e0c-b321d9e0c5c1,H14117,p/gu1/H/H14117/H14117-7-c6c5.JPG,4,t,t,t
5d5abc40-d986-1004-8e0c-b321d9e0c5c1,H14117,p/gu1/H/H14117/H14117-2-c6c5.JPG,3,t,f,f
5d5abc40-d986-1004-8e0c-b321d9e0c5c1,H14117,p/gu1/H/H14117/H14117-3-c6c5.JPG,2,t,f,f
5d5abc40-d986-1004-8e0c-b321d9e0c5c1,H14117,p/gu1/H/H14117/H14117-1-c6c5.JPG,1,t,f,f
008795a7-d914-1004-874c-d371c9ab96c0,C119,p/tt/1/2/12364069830.jpg,1,t,t,t
008795a7-d914-1004-874c-d371c9ab96c0,C119,p/tt/1/2/12364069834.jpg,5,t,f,f
008795a7-d914-1004-874c-d371c9ab96c0,C119,p/tt/1/2/12364069832.jpg,3,t,f,f
008795a7-d914-1004-874c-d371c9ab96c0,C119,p/tt/1/2/12364069835.jpg,6,t,f,f
008795a7-d914-1004-874c-d371c9ab96c0,C119,p/tt/1/2/12364069833.jpg,4,t,f,f
114c5756-d946-1004-81b8-4b94b504fa92,S203,p/tt/s/2/s203-4-868d.jpg,6,t,f,f
114c5756-d946-1004-81b8-4b94b504fa92,S203,p/tt/s/2/s203-6-868d.jpg,4,t,f,f
114c5756-d946-1004-81b8-4b94b504fa92,S203,p/tt/s/2/s203-3-868d.jpg,7,t,t,t
114c5756-d946-1004-81b8-4b94b504fa92,S203,p/tt/s/2/s203-5-868d.jpg,3,t,f,f
114c5756-d946-1004-81b8-4b94b504fa92,S203,p/tt/s/2/s203-2-868d.jpg,2,t,f,f
114c5756-d946-1004-81b8-4b94b504fa92,S203,p/tt/s/2/s203-7-868d.jpg,8,t,f,f
114c5756-d946-1004-81b8-4b94b504fa92,S203,p/tt/s/2/s203-1-868d.jpg,1,t,f,f
114c5756-d946-1004-81b8-4b94b504fa92,S203,p/tt/s/2/s203-8-868d.jpg,5,t,f,f
5e503224-d986-1004-8e0c-b321d9e0c5c1,W779,p/gu1/W/W779/W779-6-8cb9.JPG,8,t,f,f
5e503224-d986-1004-8e0c-b321d9e0c5c1,W779,p/gu1/W/W779/W779-1-8cb9.jpg,7,t,f,f
5e503224-d986-1004-8e0c-b321d9e0c5c1,W779,p/gu1/W/W779/W779-3-8cb9.JPG,6,t,t,t
5e503224-d986-1004-8e0c-b321d9e0c5c1,W779,p/gu1/W/W779/W779-7-8cb9.JPG,5,t,f,f
5e503224-d986-1004-8e0c-b321d9e0c5c1,W779,p/gu1/W/W779/W779-5-8cb9.JPG,4,t,f,f
5e503224-d986-1004-8e0c-b321d9e0c5c1,W779,p/gu1/W/W779/W779-4-8cb9.JPG,3,t,f,f
5e503224-d986-1004-8e0c-b321d9e0c5c1,W779,p/gu1/W/W779/W779-1-8cb9.JPG,2,t,f,f
5e503224-d986-1004-8e0c-b321d9e0c5c1,W779,p/gu1/W/W779/W779-2-8cb9.JPG,1,t,f,f
ca4432c0-d92f-1004-8e79-5d7e63ca983b,G0209B,p/tt/g/0/g0209b-6-03cb.jpg,3,t,f,f
ca4432c0-d92f-1004-8e79-5d7e63ca983b,G0209B,p/tt/g/0/g0209b-2-03cb.jpg,2,t,f,f
ca4432c0-d92f-1004-8e79-5d7e63ca983b,G0209B,p/tt/g/0/g0209b-4-03cb.jpg,16,t,t,t
ca4432c0-d92f-1004-8e79-5d7e63ca983b,G0209B,p/tt/g/0/g0209b-5-03cb.jpg,10,t,f,f
ca4432c0-d92f-1004-8e79-5d7e63ca983b,G0209B,p/tt/g/0/g0209b-1-03cb.jpg,7,t,f,f
ca4432c0-d92f-1004-8e79-5d7e63ca983b,G0209B,p/tt/g/0/g0209b-3-03cb.jpg,4,t,f,f
c5b95d98-d92f-1004-8e79-5d7e63ca983b,G0547B-L,p/gu1/G/G0547B-L/G0547B-L-6-75e1.jpg,13,t,t,t
c5b95d98-d92f-1004-8e79-5d7e63ca983b,G0547B-L,p/gu1/G/G0547B-L/G0547B-L-9-75e1.jpg,16,t,f,f
c5b95d98-d92f-1004-8e79-5d7e63ca983b,G0547B-L,p/gu1/G/G0547B-L/G0547B-L-8-75e1.jpg,15,t,f,f
c5b95d98-d92f-1004-8e79-5d7e63ca983b,G0547B-L,p/gu1/G/G0547B-L/G0547B-L-16-75e1.jpg,8,t,f,f
c5b95d98-d92f-1004-8e79-5d7e63ca983b,G0547B-L,p/gu1/G/G0547B-L/G0547B-L-4-75e1.jpg,11,t,f,f
c5b95d98-d92f-1004-8e79-5d7e63ca983b,G0547B-L,p/gu1/G/G0547B-L/G0547B-L-7-75e1.jpg,14,t,f,f
c5b95d98-d92f-1004-8e79-5d7e63ca983b,G0547B-L,p/gu1/G/G0547B-L/G0547B-L-15-75e1.jpg,7,t,f,f
c5b95d98-d92f-1004-8e79-5d7e63ca983b,G0547B-L,p/gu1/G/G0547B-L/G0547B-L-5-75e1.jpg,12,t,f,f
c5b95d98-d92f-1004-8e79-5d7e63ca983b,G0547B-L,p/gu1/G/G0547B-L/G0547B-L-2-75e1.jpg,9,t,f,f
c5b95d98-d92f-1004-8e79-5d7e63ca983b,G0547B-L,p/gu1/G/G0547B-L/G0547B-L-3-75e1.jpg,10,t,f,f
c5b95d98-d92f-1004-8e79-5d7e63ca983b,G0547B-L,p/gu1/G/G0547B-L/G0547B-L-14-75e1.jpg,6,t,f,f
c5b95d98-d92f-1004-8e79-5d7e63ca983b,G0547B-L,p/gu1/G/G0547B-L/G0547B-L-13-75e1.jpg,5,t,f,f
c5b95d98-d92f-1004-8e79-5d7e63ca983b,G0547B-L,p/gu1/G/G0547B-L/G0547B-L-12-75e1.jpg,4,t,f,f
c5b95d98-d92f-1004-8e79-5d7e63ca983b,G0547B-L,p/gu1/G/G0547B-L/G0547B-L-11-75e1.jpg,3,t,f,f
c5b95d98-d92f-1004-8e79-5d7e63ca983b,G0547B-L,p/gu1/G/G0547B-L/G0547B-L-10-75e1.jpg,2,t,f,f
c5b95d98-d92f-1004-8e79-5d7e63ca983b,G0547B-L,p/gu1/G/G0547B-L/G0547B-L-1-75e1.jpg,1,t,f,f
cb8b07e4-d92f-1004-8e79-5d7e63ca983b,G0741B-L,p/gu1/G/G0741B-L/G0741B-L-7-210b.jpg,7,t,t,t
cb8b07e4-d92f-1004-8e79-5d7e63ca983b,G0741B-L,p/gu1/G/G0741B-L/G0741B-L-1-210b.jpg,1,t,f,f
cb8b07e4-d92f-1004-8e79-5d7e63ca983b,G0741B-L,p/gu1/G/G0741B-L/G0741B-L-2-210b.jpg,2,t,f,f
cb8b07e4-d92f-1004-8e79-5d7e63ca983b,G0741B-L,p/gu1/G/G0741B-L/G0741B-L-6-210b.jpg,6,t,f,f
cb8b07e4-d92f-1004-8e79-5d7e63ca983b,G0741B-L,p/gu1/G/G0741B-L/G0741B-L-3-210b.jpg,3,t,f,f
cb8b07e4-d92f-1004-8e79-5d7e63ca983b,G0741B-L,p/gu1/G/G0741B-L/G0741B-L-5-210b.jpg,5,t,f,f
cb8b07e4-d92f-1004-8e79-5d7e63ca983b,G0741B-L,p/gu1/G/G0741B-L/G0741B-L-4-210b.jpg,4,t,f,f
5e72b808-d986-1004-8e0c-b321d9e0c5c1,W385,p/gu1/W/W385/W385-7-0bef.JPG,8,t,f,f
5e72b808-d986-1004-8e0c-b321d9e0c5c1,W385,p/gu1/W/W385/W385-6-0bef.JPG,7,t,f,f
5e72b808-d986-1004-8e0c-b321d9e0c5c1,W385,p/gu1/W/W385/W385-1-0bef.jpg,6,t,t,t
5e72b808-d986-1004-8e0c-b321d9e0c5c1,W385,p/gu1/W/W385/W385-4-0bef.JPG,5,t,f,f
5e72b808-d986-1004-8e0c-b321d9e0c5c1,W385,p/gu1/W/W385/W385-1-0bef.JPG,4,t,f,f
5e72b808-d986-1004-8e0c-b321d9e0c5c1,W385,p/gu1/W/W385/W385-2-0bef.JPG,3,t,f,f
5e72b808-d986-1004-8e0c-b321d9e0c5c1,W385,p/gu1/W/W385/W385-5-0bef.JPG,2,t,f,f
5e72b808-d986-1004-8e0c-b321d9e0c5c1,W385,p/gu1/W/W385/W385-3-0bef.JPG,1,t,f,f
c42c0a5d-d92f-1004-8e79-5d7e63ca983b,G0843BE-L,p/gu1/G/G0843BE-L/G0843BE-L-9-d9f9.jpg,14,t,f,f
c42c0a5d-d92f-1004-8e79-5d7e63ca983b,G0843BE-L,p/gu1/G/G0843BE-L/G0843BE-L-2-d9f9.jpg,7,t,f,f
c42c0a5d-d92f-1004-8e79-5d7e63ca983b,G0843BE-L,p/gu1/G/G0843BE-L/G0843BE-L-14-d9f9.jpg,6,t,f,f
c42c0a5d-d92f-1004-8e79-5d7e63ca983b,G0843BE-L,p/gu1/G/G0843BE-L/G0843BE-L-13-d9f9.jpg,5,t,f,f
c42c0a5d-d92f-1004-8e79-5d7e63ca983b,G0843BE-L,p/gu1/G/G0843BE-L/G0843BE-L-8-d9f9.jpg,13,t,f,f
c42c0a5d-d92f-1004-8e79-5d7e63ca983b,G0843BE-L,p/gu1/G/G0843BE-L/G0843BE-L-7-d9f9.jpg,12,t,f,f
c42c0a5d-d92f-1004-8e79-5d7e63ca983b,G0843BE-L,p/gu1/G/G0843BE-L/G0843BE-L-6-d9f9.jpg,11,t,t,t
c42c0a5d-d92f-1004-8e79-5d7e63ca983b,G0843BE-L,p/gu1/G/G0843BE-L/G0843BE-L-5-d9f9.jpg,10,t,f,f
c42c0a5d-d92f-1004-8e79-5d7e63ca983b,G0843BE-L,p/gu1/G/G0843BE-L/G0843BE-L-4-d9f9.jpg,9,t,f,f
c42c0a5d-d92f-1004-8e79-5d7e63ca983b,G0843BE-L,p/gu1/G/G0843BE-L/G0843BE-L-3-d9f9.jpg,8,t,f,f
c42c0a5d-d92f-1004-8e79-5d7e63ca983b,G0843BE-L,p/gu1/G/G0843BE-L/G0843BE-L-12-d9f9.jpg,4,t,f,f
c42c0a5d-d92f-1004-8e79-5d7e63ca983b,G0843BE-L,p/gu1/G/G0843BE-L/G0843BE-L-11-d9f9.jpg,3,t,f,f
c42c0a5d-d92f-1004-8e79-5d7e63ca983b,G0843BE-L,p/gu1/G/G0843BE-L/G0843BE-L-10-d9f9.jpg,2,t,f,f
c42c0a5d-d92f-1004-8e79-5d7e63ca983b,G0843BE-L,p/gu1/G/G0843BE-L/G0843BE-L-1-d9f9.jpg,1,t,f,f
00654ea8-d914-1004-874c-d371c9ab96c0,RM213,p/tt/r/m/rm213-6-4dcb.jpg,1,t,f,f
00654ea8-d914-1004-874c-d371c9ab96c0,RM213,p/tt/r/m/rm213-1-4dcb.jpg,4,t,f,f
00654ea8-d914-1004-874c-d371c9ab96c0,RM213,p/tt/r/m/rm213-3-4dcb.jpg,3,t,t,t
00654ea8-d914-1004-874c-d371c9ab96c0,RM213,p/tt/r/m/rm213-5-4dcb.jpg,2,t,f,f
00654ea8-d914-1004-874c-d371c9ab96c0,RM213,p/tt/r/m/rm213-2-4dcb.jpg,5,t,f,f
00654ea8-d914-1004-874c-d371c9ab96c0,RM213,p/tt/r/m/rm213-4-4dcb.jpg,6,t,f,f
048c0c5c-d914-1004-874c-d371c9ab96c0,H2232,p/tt/2/0/20110808_img_026417.jpg,9,t,f,f
048c0c5c-d914-1004-874c-d371c9ab96c0,H2232,p/tt/2/0/20110808_img_026416.jpg,8,t,f,f
048c0c5c-d914-1004-874c-d371c9ab96c0,H2232,p/tt/2/0/20110808_img_026421.jpg,7,t,f,f
048c0c5c-d914-1004-874c-d371c9ab96c0,H2232,p/tt/2/0/20110808_img_026410.jpg,6,t,t,t
4f6d6934-d986-1004-8e0c-b321d9e0c5c1,I928,p/gu1/I/I928/I928-2-25ec.jpg,5,t,f,f
4f6d6934-d986-1004-8e0c-b321d9e0c5c1,I928,p/gu1/I/I928/I928-8-25ec.jpg,4,t,f,f
4f6d6934-d986-1004-8e0c-b321d9e0c5c1,I928,p/gu1/I/I928/I928-10-25ec.jpg,12,t,f,f
4f6d6934-d986-1004-8e0c-b321d9e0c5c1,I928,p/gu1/I/I928/I928-11-25ec.jpg,11,t,t,t
4f6d6934-d986-1004-8e0c-b321d9e0c5c1,I928,p/gu1/I/I928/I928-9-25ec.jpg,10,t,f,f
4f6d6934-d986-1004-8e0c-b321d9e0c5c1,I928,p/gu1/I/I928/I928-7-25ec.jpg,9,t,f,f
4f6d6934-d986-1004-8e0c-b321d9e0c5c1,I928,p/gu1/I/I928/I928-6-25ec.jpg,8,t,f,f
4f6d6934-d986-1004-8e0c-b321d9e0c5c1,I928,p/gu1/I/I928/I928-1-25ec.jpg,7,t,f,f
4f6d6934-d986-1004-8e0c-b321d9e0c5c1,I928,p/gu1/I/I928/I928-5-25ec.jpg,6,t,f,f
4f6d6934-d986-1004-8e0c-b321d9e0c5c1,I928,p/gu1/I/I928/I928-12-25ec.jpg,3,t,f,f
4f6d6934-d986-1004-8e0c-b321d9e0c5c1,I928,p/gu1/I/I928/I928-3-25ec.jpg,2,t,f,f
4f6d6934-d986-1004-8e0c-b321d9e0c5c1,I928,p/gu1/I/I928/I928-4-25ec.jpg,1,t,f,f
c83fd740-d92f-1004-8e79-5d7e63ca983b,PA1472EU,p/tt/p/a/pa1472eu-12-8df7.jpg,15,t,f,t
c83fd740-d92f-1004-8e79-5d7e63ca983b,PA1472EU,p/tt/p/a/pa1472eu-13-8df7.jpg,14,t,f,t
04716cb9-d914-1004-874c-d371c9ab96c0,L0126,p/tt/l/0/l0126-1-3619.jpg,14,t,f,f
04716cb9-d914-1004-874c-d371c9ab96c0,L0126,p/tt/l/0/l0126-5-3619.jpg,8,t,f,f
04716cb9-d914-1004-874c-d371c9ab96c0,L0126,p/tt/l/0/l0126-2-3619_1_.jpg,12,t,f,f
04716cb9-d914-1004-874c-d371c9ab96c0,L0126,p/tt/l/0/l0126-9-3619.jpg,10,t,f,f
04716cb9-d914-1004-874c-d371c9ab96c0,L0126,p/tt/l/0/l0126-6-3619.jpg,9,t,f,f
04716cb9-d914-1004-874c-d371c9ab96c0,L0126,p/tt/l/0/l0126-1-3619.gif,13,t,f,f
04716cb9-d914-1004-874c-d371c9ab96c0,L0126,p/tt/l/0/l0126-6-3619_1_.jpg,11,t,f,f
04716cb9-d914-1004-874c-d371c9ab96c0,L0126,p/tt/l/0/l0126-2-3619.jpg,1,t,t,t
04716cb9-d914-1004-874c-d371c9ab96c0,L0126,p/tt/l/0/l0126-5-3619_1_.jpg,2,t,f,f
04716cb9-d914-1004-874c-d371c9ab96c0,L0126,p/tt/l/0/l0126-4-3619_1_.jpg,4,t,f,f
04716cb9-d914-1004-874c-d371c9ab96c0,L0126,p/tt/l/0/l0126-3-3619_1_.jpg,3,t,f,f
04716cb9-d914-1004-874c-d371c9ab96c0,L0126,p/tt/l/0/l0126-7-3619.jpg,17,t,f,f
04716cb9-d914-1004-874c-d371c9ab96c0,L0126,p/tt/l/0/l0126-11-3619.jpg,16,t,f,f
04716cb9-d914-1004-874c-d371c9ab96c0,L0126,p/tt/l/0/l0126-4-3619.jpg,15,t,f,f
04716cb9-d914-1004-874c-d371c9ab96c0,L0126,p/tt/l/0/l0126-12-3619.jpg,7,t,f,f
04716cb9-d914-1004-874c-d371c9ab96c0,L0126,p/tt/l/0/l0126-3-3619.jpg,6,t,f,f
04716cb9-d914-1004-874c-d371c9ab96c0,L0126,p/tt/l/0/l0126-8-3619.jpg,5,t,f,f
00cc993f-d914-1004-874c-d371c9ab96c0,PT200,p/tt/1/4/1401.jpg,1,t,t,t
00cc993f-d914-1004-874c-d371c9ab96c0,PT200,p/tt/1/4/1401_20080528134640_4.jpg,5,t,f,f
00cc993f-d914-1004-874c-d371c9ab96c0,PT200,p/tt/1/4/1401_20080528134640_6.jpg,7,t,f,f
00cc993f-d914-1004-874c-d371c9ab96c0,PT200,p/tt/1/4/1401_20080528134640_3.jpg,4,t,f,f
00cc993f-d914-1004-874c-d371c9ab96c0,PT200,p/tt/1/4/1401_20080808150351_1.jpg,8,t,f,f
00cc993f-d914-1004-874c-d371c9ab96c0,PT200,p/tt/1/4/1401_20080528134640_5.jpg,6,t,f,f
00cc993f-d914-1004-874c-d371c9ab96c0,PT200,p/tt/1/4/1401_20080528134640_2.jpg,3,t,f,f
00cc993f-d914-1004-874c-d371c9ab96c0,PT200,p/tt/1/4/1401_20080528134640_1.jpg,2,t,f,f
47bcfdf8-d986-1004-8e0c-b321d9e0c5c1,Y0600,p/gu1/Y/Y0600/Y0600-6-9372.JPG,11,t,f,f
47bcfdf8-d986-1004-8e0c-b321d9e0c5c1,Y0600,p/gu1/Y/Y0600/Y0600-9-9372.JPG,10,t,f,f
47bcfdf8-d986-1004-8e0c-b321d9e0c5c1,Y0600,p/gu1/Y/Y0600/Y0600-5-9372.JPG,9,t,f,f
47bcfdf8-d986-1004-8e0c-b321d9e0c5c1,Y0600,p/gu1/Y/Y0600/Y0600-2-9372.JPG,8,t,f,f
47bcfdf8-d986-1004-8e0c-b321d9e0c5c1,Y0600,p/gu1/Y/Y0600/Y0600-1-9372.jpg,7,t,f,f
47bcfdf8-d986-1004-8e0c-b321d9e0c5c1,Y0600,p/gu1/Y/Y0600/Y0600-8-9372.JPG,6,t,f,f
47bcfdf8-d986-1004-8e0c-b321d9e0c5c1,Y0600,p/gu1/Y/Y0600/Y0600-1-9372.JPG,5,t,t,t
47bcfdf8-d986-1004-8e0c-b321d9e0c5c1,Y0600,p/gu1/Y/Y0600/Y0600-3-9372.JPG,4,t,f,f
47bcfdf8-d986-1004-8e0c-b321d9e0c5c1,Y0600,p/gu1/Y/Y0600/Y0600-10-9372.JPG,3,t,f,f
47bcfdf8-d986-1004-8e0c-b321d9e0c5c1,Y0600,p/gu1/Y/Y0600/Y0600-4-9372.JPG,2,t,f,f
47bcfdf8-d986-1004-8e0c-b321d9e0c5c1,Y0600,p/gu1/Y/Y0600/Y0600-7-9372.JPG,1,t,f,f
d4fb9358-d929-1004-835b-90389054983d,H9673B,p/tt/h/9/h9673b-3-2059.jpg,7,t,t,t
d4fb9358-d929-1004-835b-90389054983d,H9673B,p/tt/h/9/h9673b-6-2059.jpg,3,t,f,f
d4fb9358-d929-1004-835b-90389054983d,H9673B,p/tt/h/9/h9673b-5-2059.jpg,21,t,f,f
d4fb9358-d929-1004-835b-90389054983d,H9673B,p/tt/h/9/h9673b-13-2059.jpg,4,t,f,f
d4fb9358-d929-1004-835b-90389054983d,H9673B,p/tt/h/9/h9673b-2-2059.jpg,23,t,f,f
d4fb9358-d929-1004-835b-90389054983d,H9673B,p/tt/h/9/h9673b-10-2059.jpg,11,t,f,f
d4fb9358-d929-1004-835b-90389054983d,H9673B,p/tt/h/9/h9673b-7-2059.jpg,1,t,f,f
d4fb9358-d929-1004-835b-90389054983d,H9673B,p/tt/h/9/h9673b-8-2059.jpg,12,t,f,f
d4fb9358-d929-1004-835b-90389054983d,H9673B,p/tt/h/9/h9673b-4-2059.jpg,8,t,f,f
d4fb9358-d929-1004-835b-90389054983d,H9673B,p/tt/h/9/h9673b-9-2059.jpg,5,t,f,f
d4fb9358-d929-1004-835b-90389054983d,H9673B,p/tt/h/9/h9673b-11-2059.jpg,14,t,f,f
c8e9e0f0-d92f-1004-8e79-5d7e63ca983b,G0081B1-L,p/gu1/G/G0081B1-L/G0081B1-L-1-8c58.jpg,1,t,f,f
c8e9e0f0-d92f-1004-8e79-5d7e63ca983b,G0081B1-L,p/gu1/G/G0081B1-L/G0081B1-L-10-8c58.jpg,2,t,f,f
c8e9e0f0-d92f-1004-8e79-5d7e63ca983b,G0081B1-L,p/gu1/G/G0081B1-L/G0081B1-L-8-8c58.jpg,14,t,f,f
c8e9e0f0-d92f-1004-8e79-5d7e63ca983b,G0081B1-L,p/gu1/G/G0081B1-L/G0081B1-L-11-8c58.jpg,3,t,f,f
c8e9e0f0-d92f-1004-8e79-5d7e63ca983b,G0081B1-L,p/gu1/G/G0081B1-L/G0081B1-L-9-8c58.jpg,15,t,f,f
c8e9e0f0-d92f-1004-8e79-5d7e63ca983b,G0081B1-L,p/gu1/G/G0081B1-L/G0081B1-L-12-8c58.jpg,4,t,f,f
c8e9e0f0-d92f-1004-8e79-5d7e63ca983b,G0081B1-L,p/gu1/G/G0081B1-L/G0081B1-L-7-8c58.jpg,13,t,f,f
c8e9e0f0-d92f-1004-8e79-5d7e63ca983b,G0081B1-L,p/gu1/G/G0081B1-L/G0081B1-L-6-8c58.jpg,12,t,f,f
c8e9e0f0-d92f-1004-8e79-5d7e63ca983b,G0081B1-L,p/gu1/G/G0081B1-L/G0081B1-L-5-8c58.jpg,11,t,f,f
c8e9e0f0-d92f-1004-8e79-5d7e63ca983b,G0081B1-L,p/gu1/G/G0081B1-L/G0081B1-L-4-8c58.jpg,10,t,t,t
c8e9e0f0-d92f-1004-8e79-5d7e63ca983b,G0081B1-L,p/gu1/G/G0081B1-L/G0081B1-L-3-8c58.jpg,9,t,f,f
c8e9e0f0-d92f-1004-8e79-5d7e63ca983b,G0081B1-L,p/gu1/G/G0081B1-L/G0081B1-L-2-8c58.jpg,8,t,f,f
c8e9e0f0-d92f-1004-8e79-5d7e63ca983b,G0081B1-L,p/gu1/G/G0081B1-L/G0081B1-L-15-8c58.jpg,7,t,f,f
c8e9e0f0-d92f-1004-8e79-5d7e63ca983b,G0081B1-L,p/gu1/G/G0081B1-L/G0081B1-L-14-8c58.jpg,6,t,f,f
c8e9e0f0-d92f-1004-8e79-5d7e63ca983b,G0081B1-L,p/gu1/G/G0081B1-L/G0081B1-L-13-8c58.jpg,5,t,f,f
046d4c7b-d914-1004-874c-d371c9ab96c0,H8267,p/tt/h/8/h8267-5-aa5b.jpg,8,t,f,f
046d4c7b-d914-1004-874c-d371c9ab96c0,H8267,p/tt/h/8/h8267-7-aa5b.jpg,4,t,f,f
046d4c7b-d914-1004-874c-d371c9ab96c0,H8267,p/tt/h/8/h8267-10-aa5b.jpg,10,t,t,t
046d4c7b-d914-1004-874c-d371c9ab96c0,H8267,p/tt/h/8/h8267-4-aa5b.jpg,6,t,f,f
046d4c7b-d914-1004-874c-d371c9ab96c0,H8267,p/tt/h/8/h8267-6-aa5b.jpg,7,t,f,f
046d4c7b-d914-1004-874c-d371c9ab96c0,H8267,p/tt/h/8/h8267-1-aa5b.jpg,9,t,f,f
046d4c7b-d914-1004-874c-d371c9ab96c0,H8267,p/tt/h/8/h8267-8-aa5b.jpg,5,t,f,f
046d4c7b-d914-1004-874c-d371c9ab96c0,H8267,p/tt/h/8/h8267-2-aa5b.jpg,3,t,f,f
046d4c7b-d914-1004-874c-d371c9ab96c0,H8267,p/tt/h/8/h8267-9-aa5b.jpg,2,t,f,f
046d4c7b-d914-1004-874c-d371c9ab96c0,H8267,p/tt/h/8/h8267-3-aa5b.jpg,1,t,f,f
0d143be9-d914-1004-874c-d371c9ab96c0,H1516,p/tt/1/2/12589672201.jpg,2,t,f,f
0d143be9-d914-1004-874c-d371c9ab96c0,H1516,p/tt/1/2/12589672200.jpg,1,t,t,t
d503d374-d929-1004-835b-90389054983d,H9815RO,p/tt/h/9/h9815ro-7-429f.jpg,26,t,t,t
d503d374-d929-1004-835b-90389054983d,H9815RO,p/tt/h/9/h9815ro-6-429f.jpg,27,t,f,f
d503d374-d929-1004-835b-90389054983d,H9815RO,p/tt/h/9/h9815ro-5-429f.jpg,25,t,f,f
d503d374-d929-1004-835b-90389054983d,H9815RO,p/tt/h/9/h9815ro-4-429f.jpg,23,t,f,f
d503d374-d929-1004-835b-90389054983d,H9815RO,p/tt/h/9/h9815ro-2-429f.jpg,19,t,f,f
d4d53962-d929-1004-835b-90389054983d,G0229W-XL,p/gu1/G/G0229W-XL/G0229W-XL-15-60e3.jpg,6,t,f,f
d4d53962-d929-1004-835b-90389054983d,G0229W-XL,p/gu1/G/G0229W-XL/G0229W-XL-1-60e3.jpg,1,t,f,f
d4d53962-d929-1004-835b-90389054983d,G0229W-XL,p/gu1/G/G0229W-XL/G0229W-XL-12-60e3.jpg,4,t,f,f
d4d53962-d929-1004-835b-90389054983d,G0229W-XL,p/gu1/G/G0229W-XL/G0229W-XL-3-60e3.jpg,11,t,f,f
d4d53962-d929-1004-835b-90389054983d,G0229W-XL,p/gu1/G/G0229W-XL/G0229W-XL-2-60e3.jpg,10,t,f,f
d4d53962-d929-1004-835b-90389054983d,G0229W-XL,p/gu1/G/G0229W-XL/G0229W-XL-18-60e3.jpg,9,t,f,f
d4d53962-d929-1004-835b-90389054983d,G0229W-XL,p/gu1/G/G0229W-XL/G0229W-XL-17-60e3.jpg,8,t,f,f
d4d53962-d929-1004-835b-90389054983d,G0229W-XL,p/gu1/G/G0229W-XL/G0229W-XL-13-60e3.jpg,5,t,f,f
d4d53962-d929-1004-835b-90389054983d,G0229W-XL,p/gu1/G/G0229W-XL/G0229W-XL-11-60e3.jpg,3,t,f,f
d4d53962-d929-1004-835b-90389054983d,G0229W-XL,p/gu1/G/G0229W-XL/G0229W-XL-10-60e3.jpg,2,t,f,f
d4d53962-d929-1004-835b-90389054983d,G0229W-XL,p/gu1/G/G0229W-XL/G0229W-XL-9-60e3.jpg,17,t,t,t
d4d53962-d929-1004-835b-90389054983d,G0229W-XL,p/gu1/G/G0229W-XL/G0229W-XL-8-60e3.jpg,16,t,f,f
d4d53962-d929-1004-835b-90389054983d,G0229W-XL,p/gu1/G/G0229W-XL/G0229W-XL-7-60e3.jpg,15,t,f,f
d4d53962-d929-1004-835b-90389054983d,G0229W-XL,p/gu1/G/G0229W-XL/G0229W-XL-6-60e3.jpg,14,t,f,f
d4d53962-d929-1004-835b-90389054983d,G0229W-XL,p/gu1/G/G0229W-XL/G0229W-XL-5-60e3.jpg,13,t,f,f
d4d53962-d929-1004-835b-90389054983d,G0229W-XL,p/gu1/G/G0229W-XL/G0229W-XL-4-60e3.jpg,12,t,f,f
d4d53962-d929-1004-835b-90389054983d,G0229W-XL,p/gu1/G/G0229W-XL/G0229W-XL-16-60e3.jpg,7,t,f,f
0470d07c-d914-1004-874c-d371c9ab96c0,I3,p/tt/1/2/12709843185.jpg,6,t,f,f
0470d07c-d914-1004-874c-d371c9ab96c0,I3,p/tt/1/2/12709843181.jpg,2,t,f,f
0470d07c-d914-1004-874c-d371c9ab96c0,I3,p/tt/1/2/12709843184.jpg,5,t,f,f
0470d07c-d914-1004-874c-d371c9ab96c0,I3,p/tt/1/2/12709843180.jpg,1,t,t,t
0470d07c-d914-1004-874c-d371c9ab96c0,I3,p/tt/1/2/12709843183.jpg,4,t,f,f
0470d07c-d914-1004-874c-d371c9ab96c0,I3,p/tt/1/2/12709843182.jpg,3,t,f,f
0470d07c-d914-1004-874c-d371c9ab96c0,I3,p/tt/1/2/12709843186.jpg,7,t,f,f
44e082bc-d986-1004-8e0c-b321d9e0c5c1,D2463,p/gu1/D/D2463/D2463-24-785a.jpg,26,t,f,f
44e082bc-d986-1004-8e0c-b321d9e0c5c1,D2463,p/gu1/D/D2463/D2463-12-785a.jpg,25,t,f,f
44e082bc-d986-1004-8e0c-b321d9e0c5c1,D2463,p/gu1/D/D2463/D2463-2-785a.jpg,24,t,f,f
44e082bc-d986-1004-8e0c-b321d9e0c5c1,D2463,p/gu1/D/D2463/D2463-17-785a.jpg,23,t,f,f
44e082bc-d986-1004-8e0c-b321d9e0c5c1,D2463,p/gu1/D/D2463/D2463-10-785a.jpg,22,t,f,f
44e082bc-d986-1004-8e0c-b321d9e0c5c1,D2463,p/gu1/D/D2463/D2463-7-785a.jpg,21,t,f,f
44e082bc-d986-1004-8e0c-b321d9e0c5c1,D2463,p/gu1/D/D2463/D2463-23-785a.jpg,20,t,f,f
44e082bc-d986-1004-8e0c-b321d9e0c5c1,D2463,p/gu1/D/D2463/D2463-20-785a.jpg,19,t,f,f
44e082bc-d986-1004-8e0c-b321d9e0c5c1,D2463,p/gu1/D/D2463/D2463-13-785a.jpg,18,t,f,f
44e082bc-d986-1004-8e0c-b321d9e0c5c1,D2463,p/gu1/D/D2463/D2463-25-785a.jpg,17,t,f,f
44e082bc-d986-1004-8e0c-b321d9e0c5c1,D2463,p/gu1/D/D2463/D2463-19-785a.jpg,16,t,f,f
44e082bc-d986-1004-8e0c-b321d9e0c5c1,D2463,p/gu1/D/D2463/D2463-9-785a.jpg,15,t,f,f
44e082bc-d986-1004-8e0c-b321d9e0c5c1,D2463,p/gu1/D/D2463/D2463-4-785a.jpg,14,t,f,f
44e082bc-d986-1004-8e0c-b321d9e0c5c1,D2463,p/gu1/D/D2463/D2463-6-785a.jpg,13,t,t,t
44e082bc-d986-1004-8e0c-b321d9e0c5c1,D2463,p/gu1/D/D2463/D2463-22-785a.jpg,12,t,f,f
44e082bc-d986-1004-8e0c-b321d9e0c5c1,D2463,p/gu1/D/D2463/D2463-14-785a.jpg,11,t,f,f
44e082bc-d986-1004-8e0c-b321d9e0c5c1,D2463,p/gu1/D/D2463/D2463-21-785a.jpg,10,t,f,f
44e082bc-d986-1004-8e0c-b321d9e0c5c1,D2463,p/gu1/D/D2463/D2463-16-785a.jpg,9,t,f,f
44e082bc-d986-1004-8e0c-b321d9e0c5c1,D2463,p/gu1/D/D2463/D2463-15-785a.jpg,8,t,f,f
44e082bc-d986-1004-8e0c-b321d9e0c5c1,D2463,p/gu1/D/D2463/D2463-3-785a.jpg,7,t,f,f
44e082bc-d986-1004-8e0c-b321d9e0c5c1,D2463,p/gu1/D/D2463/D2463-18-785a.jpg,6,t,f,f
44e082bc-d986-1004-8e0c-b321d9e0c5c1,D2463,p/gu1/D/D2463/D2463-5-785a.jpg,5,t,f,f
44e082bc-d986-1004-8e0c-b321d9e0c5c1,D2463,p/gu1/D/D2463/D2463-26-785a.jpg,4,t,f,f
44e082bc-d986-1004-8e0c-b321d9e0c5c1,D2463,p/gu1/D/D2463/D2463-1-785a.jpg,3,t,f,f
44e082bc-d986-1004-8e0c-b321d9e0c5c1,D2463,p/gu1/D/D2463/D2463-11-785a.jpg,2,t,f,f
44e082bc-d986-1004-8e0c-b321d9e0c5c1,D2463,p/gu1/D/D2463/D2463-8-785a.jpg,1,t,f,f
00b67b27-d914-1004-874c-d371c9ab96c0,K997,p/gu1/K/K997/K997-8-369a.JPG,2,t,t,t
00b67b27-d914-1004-874c-d371c9ab96c0,K997,p/gu1/K/K997/K997-3-369a.JPG,9,t,f,f
00b67b27-d914-1004-874c-d371c9ab96c0,K997,p/gu1/K/K997/K997-4-369a.JPG,8,t,f,f
00b67b27-d914-1004-874c-d371c9ab96c0,K997,p/gu1/K/K997/K997-9-369a.JPG,7,t,f,f
00b67b27-d914-1004-874c-d371c9ab96c0,K997,p/gu1/K/K997/K997-7-369a.JPG,6,t,f,f
00b67b27-d914-1004-874c-d371c9ab96c0,K997,p/gu1/K/K997/K997-6-369a.JPG,5,t,f,f
00b67b27-d914-1004-874c-d371c9ab96c0,K997,p/gu1/K/K997/K997-2-369a.JPG,4,t,f,f
00b67b27-d914-1004-874c-d371c9ab96c0,K997,p/gu1/K/K997/K997-1-369a.JPG,3,t,f,f
00b67b27-d914-1004-874c-d371c9ab96c0,K997,p/gu1/K/K997/K997-5-369a.JPG,1,t,f,f
f7a3b011-d94d-1004-8ce2-70e36be5c01e,G0278Y-M,p/gu1/G/G0278Y-M/G0278Y-M-1-36c3.jpg,1,t,f,f
f7a3b011-d94d-1004-8ce2-70e36be5c01e,G0278Y-M,p/gu1/G/G0278Y-M/G0278Y-M-10-36c3.jpg,2,t,f,f
f7a3b011-d94d-1004-8ce2-70e36be5c01e,G0278Y-M,p/gu1/G/G0278Y-M/G0278Y-M-12-36c3.jpg,4,t,f,f
f7a3b011-d94d-1004-8ce2-70e36be5c01e,G0278Y-M,p/gu1/G/G0278Y-M/G0278Y-M-11-36c3.jpg,3,t,f,f
f7a3b011-d94d-1004-8ce2-70e36be5c01e,G0278Y-M,p/gu1/G/G0278Y-M/G0278Y-M-9-36c3.jpg,18,t,f,f
f7a3b011-d94d-1004-8ce2-70e36be5c01e,G0278Y-M,p/gu1/G/G0278Y-M/G0278Y-M-8-36c3.jpg,17,t,t,t
f7a3b011-d94d-1004-8ce2-70e36be5c01e,G0278Y-M,p/gu1/G/G0278Y-M/G0278Y-M-7-36c3.jpg,16,t,f,f
f7a3b011-d94d-1004-8ce2-70e36be5c01e,G0278Y-M,p/gu1/G/G0278Y-M/G0278Y-M-6-36c3.jpg,15,t,f,f
f7a3b011-d94d-1004-8ce2-70e36be5c01e,G0278Y-M,p/gu1/G/G0278Y-M/G0278Y-M-5-36c3.jpg,14,t,f,f
f7a3b011-d94d-1004-8ce2-70e36be5c01e,G0278Y-M,p/gu1/G/G0278Y-M/G0278Y-M-4-36c3.jpg,13,t,f,f
f7a3b011-d94d-1004-8ce2-70e36be5c01e,G0278Y-M,p/gu1/G/G0278Y-M/G0278Y-M-3-36c3.jpg,12,t,f,f
f7a3b011-d94d-1004-8ce2-70e36be5c01e,G0278Y-M,p/gu1/G/G0278Y-M/G0278Y-M-2-36c3.jpg,11,t,f,f
f7a3b011-d94d-1004-8ce2-70e36be5c01e,G0278Y-M,p/gu1/G/G0278Y-M/G0278Y-M-18-36c3.jpg,10,t,f,f
f7a3b011-d94d-1004-8ce2-70e36be5c01e,G0278Y-M,p/gu1/G/G0278Y-M/G0278Y-M-17-36c3.jpg,9,t,f,f
f7a3b011-d94d-1004-8ce2-70e36be5c01e,G0278Y-M,p/gu1/G/G0278Y-M/G0278Y-M-16-36c3.jpg,8,t,f,f
f7a3b011-d94d-1004-8ce2-70e36be5c01e,G0278Y-M,p/gu1/G/G0278Y-M/G0278Y-M-15-36c3.jpg,7,t,f,f
f7a3b011-d94d-1004-8ce2-70e36be5c01e,G0278Y-M,p/gu1/G/G0278Y-M/G0278Y-M-14-36c3.jpg,6,t,f,f
f7a3b011-d94d-1004-8ce2-70e36be5c01e,G0278Y-M,p/gu1/G/G0278Y-M/G0278Y-M-13-36c3.jpg,5,t,f,f
0ca8cc64-d914-1004-874c-d371c9ab96c0,G0160,p/tt/g/0/g0160-1-5657_3.jpg,5,t,f,f
0ca8cc64-d914-1004-874c-d371c9ab96c0,G0160,p/tt/g/0/g0160-4-5657_2.jpg,4,t,f,f
0ca8cc64-d914-1004-874c-d371c9ab96c0,G0160,p/tt/g/0/g0160-2-5657_2.jpg,3,t,f,f
0ca8cc64-d914-1004-874c-d371c9ab96c0,G0160,p/tt/g/0/g0160-5-5657_2.jpg,2,t,f,f
0ca8cc64-d914-1004-874c-d371c9ab96c0,G0160,p/tt/g/0/g0160-3-5657_1.jpg,1,t,t,t
009efd0f-d914-1004-874c-d371c9ab96c0,RM257R,p/tt/r/m/rm257r-14-f974.jpg,2,t,f,f
009efd0f-d914-1004-874c-d371c9ab96c0,RM257R,p/tt/r/m/rm257r-3-f974.jpg,3,t,f,f
009efd0f-d914-1004-874c-d371c9ab96c0,RM257R,p/tt/r/m/rm257r-10-f974.jpg,1,t,f,f
009efd0f-d914-1004-874c-d371c9ab96c0,RM257R,p/tt/r/m/rm257r-12-f974.jpg,16,t,f,f
009efd0f-d914-1004-874c-d371c9ab96c0,RM257R,p/tt/r/m/rm257r-5-f974.jpg,15,t,f,f
009efd0f-d914-1004-874c-d371c9ab96c0,RM257R,p/tt/r/m/rm257r-1-f974.jpg,14,t,f,f
009efd0f-d914-1004-874c-d371c9ab96c0,RM257R,p/tt/r/m/rm257r-7-f974.jpg,13,t,f,f
009efd0f-d914-1004-874c-d371c9ab96c0,RM257R,p/tt/r/m/rm257r-9-f974.jpg,12,t,f,f
009efd0f-d914-1004-874c-d371c9ab96c0,RM257R,p/tt/r/m/rm257r-15-f974.jpg,11,t,f,f
009efd0f-d914-1004-874c-d371c9ab96c0,RM257R,p/tt/r/m/rm257r-8-f974.jpg,10,t,f,f
009efd0f-d914-1004-874c-d371c9ab96c0,RM257R,p/tt/r/m/rm257r-11-f974.jpg,9,t,f,f
009efd0f-d914-1004-874c-d371c9ab96c0,RM257R,p/tt/r/m/rm257r-13-f974.jpg,8,t,f,f
009efd0f-d914-1004-874c-d371c9ab96c0,RM257R,p/tt/r/m/rm257r-2-f974.jpg,7,t,t,t
009efd0f-d914-1004-874c-d371c9ab96c0,RM257R,p/tt/r/m/rm257r-4-f974.jpg,6,t,f,f
009efd0f-d914-1004-874c-d371c9ab96c0,RM257R,p/tt/r/m/rm257r-16-f974.jpg,5,t,f,f
009efd0f-d914-1004-874c-d371c9ab96c0,RM257R,p/tt/r/m/rm257r-6-f974.jpg,4,t,f,f
48f46a94-d986-1004-8e0c-b321d9e0c5c1,L0370,p/gu1/L/L0370/L0370-2-6e1c.JPG,8,t,f,f
48f46a94-d986-1004-8e0c-b321d9e0c5c1,L0370,p/gu1/L/L0370/L0370-6-6e1c.JPG,7,t,f,f
48f46a94-d986-1004-8e0c-b321d9e0c5c1,L0370,p/gu1/L/L0370/L0370-4-6e1c.JPG,6,t,f,f
48f46a94-d986-1004-8e0c-b321d9e0c5c1,L0370,p/gu1/L/L0370/L0370-7-6e1c.JPG,5,t,f,f
48f46a94-d986-1004-8e0c-b321d9e0c5c1,L0370,p/gu1/L/L0370/L0370-5-6e1c.JPG,4,t,t,t
48f46a94-d986-1004-8e0c-b321d9e0c5c1,L0370,p/gu1/L/L0370/L0370-8-6e1c.JPG,3,t,f,f
48f46a94-d986-1004-8e0c-b321d9e0c5c1,L0370,p/gu1/L/L0370/L0370-3-6e1c.JPG,2,t,f,f
48f46a94-d986-1004-8e0c-b321d9e0c5c1,L0370,p/gu1/L/L0370/L0370-1-6e1c.JPG,1,t,f,f
48c53378-d986-1004-8e0c-b321d9e0c5c1,L0368,p/gu1/L/L0368/L0368-5-7903.JPG,7,t,f,f
48c53378-d986-1004-8e0c-b321d9e0c5c1,L0368,p/gu1/L/L0368/L0368-4-7903.JPG,6,t,f,f
48c53378-d986-1004-8e0c-b321d9e0c5c1,L0368,p/gu1/L/L0368/L0368-7-7903.JPG,5,t,t,t
48c53378-d986-1004-8e0c-b321d9e0c5c1,L0368,p/gu1/L/L0368/L0368-6-7903.JPG,4,t,f,f
48c53378-d986-1004-8e0c-b321d9e0c5c1,L0368,p/gu1/L/L0368/L0368-3-7903.JPG,3,t,f,f
48c53378-d986-1004-8e0c-b321d9e0c5c1,L0368,p/gu1/L/L0368/L0368-2-7903.JPG,2,t,f,f
48c53378-d986-1004-8e0c-b321d9e0c5c1,L0368,p/gu1/L/L0368/L0368-1-7903.JPG,1,t,f,f
4865c30c-d986-1004-8e0c-b321d9e0c5c1,L0365,p/gu1/L/L0365/L0365-8-55eb.JPG,1,t,f,f
4865c30c-d986-1004-8e0c-b321d9e0c5c1,L0365,p/gu1/L/L0365/L0365-4-55eb.JPG,8,t,f,f
4865c30c-d986-1004-8e0c-b321d9e0c5c1,L0365,p/gu1/L/L0365/L0365-6-55eb.JPG,7,t,f,f
4865c30c-d986-1004-8e0c-b321d9e0c5c1,L0365,p/gu1/L/L0365/L0365-2-55eb.JPG,6,t,f,f
4865c30c-d986-1004-8e0c-b321d9e0c5c1,L0365,p/gu1/L/L0365/L0365-7-55eb.JPG,5,t,f,f
4865c30c-d986-1004-8e0c-b321d9e0c5c1,L0365,p/gu1/L/L0365/L0365-3-55eb.JPG,4,t,t,t
4865c30c-d986-1004-8e0c-b321d9e0c5c1,L0365,p/gu1/L/L0365/L0365-1-55eb.JPG,3,t,f,f
4865c30c-d986-1004-8e0c-b321d9e0c5c1,L0365,p/gu1/L/L0365/L0365-5-55eb.JPG,2,t,f,f
4df6cf8c-d986-1004-8e0c-b321d9e0c5c1,I926,p/gu1/I/I926/I926-7-04f7.jpg,12,t,f,f
4df6cf8c-d986-1004-8e0c-b321d9e0c5c1,I926,p/gu1/I/I926/I926-1-04f7.jpg,11,t,f,f
4df6cf8c-d986-1004-8e0c-b321d9e0c5c1,I926,p/gu1/I/I926/I926-4-04f7.jpg,10,t,f,f
4df6cf8c-d986-1004-8e0c-b321d9e0c5c1,I926,p/gu1/I/I926/I926-5-04f7.jpg,9,t,f,f
4df6cf8c-d986-1004-8e0c-b321d9e0c5c1,I926,p/gu1/I/I926/I926-10-04f7.jpg,8,t,t,t
4df6cf8c-d986-1004-8e0c-b321d9e0c5c1,I926,p/gu1/I/I926/I926-11-04f7.jpg,7,t,f,f
4df6cf8c-d986-1004-8e0c-b321d9e0c5c1,I926,p/gu1/I/I926/I926-9-04f7.jpg,6,t,f,f
4df6cf8c-d986-1004-8e0c-b321d9e0c5c1,I926,p/gu1/I/I926/I926-3-04f7.jpg,5,t,f,f
4df6cf8c-d986-1004-8e0c-b321d9e0c5c1,I926,p/gu1/I/I926/I926-6-04f7.jpg,4,t,f,f
4df6cf8c-d986-1004-8e0c-b321d9e0c5c1,I926,p/gu1/I/I926/I926-12-04f7.jpg,3,t,f,f
4df6cf8c-d986-1004-8e0c-b321d9e0c5c1,I926,p/gu1/I/I926/I926-8-04f7.jpg,2,t,f,f
4df6cf8c-d986-1004-8e0c-b321d9e0c5c1,I926,p/gu1/I/I926/I926-2-04f7.jpg,1,t,f,f
d4fbba6b-d929-1004-835b-90389054983d,H9675CA,p/tt/h/9/h9675ca-4-240f.jpg,36,t,f,f
d4fbba6b-d929-1004-835b-90389054983d,H9675CA,p/tt/h/9/h9675ca-8-240f.jpg,29,t,f,f
d4fbba6b-d929-1004-835b-90389054983d,H9675CA,p/tt/h/9/h9675ca-7-240f.jpg,38,t,f,f
d4fbba6b-d929-1004-835b-90389054983d,H9675CA,p/tt/h/9/h9675ca-1-240f.jpg,32,t,f,f
d4fbba6b-d929-1004-835b-90389054983d,H9675CA,p/tt/h/9/h9675ca-13-240f.jpg,25,t,f,f
d4fbba6b-d929-1004-835b-90389054983d,H9675CA,p/tt/h/9/h9675ca-11-240f.jpg,33,t,f,f
d4fbba6b-d929-1004-835b-90389054983d,H9675CA,p/tt/h/9/h9675ca-9-240f.jpg,26,t,f,f
d4fbba6b-d929-1004-835b-90389054983d,H9675CA,p/tt/h/9/h9675ca-5-240f.jpg,27,t,f,f
d4fbba6b-d929-1004-835b-90389054983d,H9675CA,p/tt/h/9/h9675ca-10-240f.jpg,34,t,f,f
d4fbba6b-d929-1004-835b-90389054983d,H9675CA,p/tt/h/9/h9675ca-14-240f.jpg,35,t,t,t
d4fbba6b-d929-1004-835b-90389054983d,H9675CA,p/tt/h/9/h9675ca-12-240f.jpg,37,t,f,f
d4fbba6b-d929-1004-835b-90389054983d,H9675CA,p/tt/h/9/h9675ca-2-240f.jpg,31,t,f,f
d4fbba6b-d929-1004-835b-90389054983d,H9675CA,p/tt/h/9/h9675ca-6-240f.jpg,30,t,f,f
d4fbba6b-d929-1004-835b-90389054983d,H9675CA,p/tt/h/9/h9675ca-3-240f.jpg,28,t,f,f
5d348700-d986-1004-8e0c-b321d9e0c5c1,H14060,p/gu1/H/H14060/H14060-7-7d98.JPG,10,t,t,t
5d348700-d986-1004-8e0c-b321d9e0c5c1,H14060,p/gu1/H/H14060/H14060-4-7d98.JPG,9,t,f,f
5d348700-d986-1004-8e0c-b321d9e0c5c1,H14060,p/gu1/H/H14060/H14060-1-7d98.jpg,8,t,f,f
5d348700-d986-1004-8e0c-b321d9e0c5c1,H14060,p/gu1/H/H14060/H14060-1-7d98.JPG,7,t,f,f
5d348700-d986-1004-8e0c-b321d9e0c5c1,H14060,p/gu1/H/H14060/H14060-5-7d98.JPG,6,t,f,f
5d348700-d986-1004-8e0c-b321d9e0c5c1,H14060,p/gu1/H/H14060/H14060-3-7d98.JPG,5,t,f,f
5d348700-d986-1004-8e0c-b321d9e0c5c1,H14060,p/gu1/H/H14060/H14060-2-7d98.JPG,4,t,f,f
5d348700-d986-1004-8e0c-b321d9e0c5c1,H14060,p/gu1/H/H14060/H14060-9-7d98.JPG,3,t,f,f
5d348700-d986-1004-8e0c-b321d9e0c5c1,H14060,p/gu1/H/H14060/H14060-6-7d98.JPG,2,t,f,f
5d348700-d986-1004-8e0c-b321d9e0c5c1,H14060,p/gu1/H/H14060/H14060-8-7d98.JPG,1,t,f,f
c7dc5e69-d92f-1004-8e79-5d7e63ca983b,G0672B-L,p/gu1/G/G0672B-L/G0672B-L-5-3961.jpg,5,t,t,t
c7dc5e69-d92f-1004-8e79-5d7e63ca983b,G0672B-L,p/gu1/G/G0672B-L/G0672B-L-6-3961.jpg,6,t,f,f
c7dc5e69-d92f-1004-8e79-5d7e63ca983b,G0672B-L,p/gu1/G/G0672B-L/G0672B-L-3-3961.jpg,3,t,f,f
c7dc5e69-d92f-1004-8e79-5d7e63ca983b,G0672B-L,p/gu1/G/G0672B-L/G0672B-L-4-3961.jpg,4,t,f,f
c7dc5e69-d92f-1004-8e79-5d7e63ca983b,G0672B-L,p/gu1/G/G0672B-L/G0672B-L-1-3961.jpg,1,t,f,f
c7dc5e69-d92f-1004-8e79-5d7e63ca983b,G0672B-L,p/gu1/G/G0672B-L/G0672B-L-2-3961.jpg,2,t,f,f
d5433b1a-d929-1004-835b-90389054983d,V833B,p/tt/v/8/v833b-7-edef.jpg,9,t,f,f
d5433b1a-d929-1004-835b-90389054983d,V833B,p/tt/v/8/v833b-4-edef.jpg,10,t,f,f
d5433b1a-d929-1004-835b-90389054983d,V833B,p/tt/v/8/v833b-6-edef.jpg,15,t,f,f
d5433b1a-d929-1004-835b-90389054983d,V833B,p/tt/v/8/v833b-5-edef.jpg,13,t,t,t
d5433b1a-d929-1004-835b-90389054983d,V833B,p/tt/v/8/v833b-1-edef.jpg,14,t,f,f
d5433b1a-d929-1004-835b-90389054983d,V833B,p/tt/v/8/v833b-2-edef.jpg,12,t,f,f
d5433b1a-d929-1004-835b-90389054983d,V833B,p/tt/v/8/v833b-8-edef.jpg,11,t,f,f
4db25c1c-d986-1004-8e0c-b321d9e0c5c1,I923,p/gu1/I/I923/I923-2-25f1.JPG,7,t,f,f
4db25c1c-d986-1004-8e0c-b321d9e0c5c1,I923,p/gu1/I/I923/I923-2-25f1.jpg,6,t,t,t
4db25c1c-d986-1004-8e0c-b321d9e0c5c1,I923,p/gu1/I/I923/I923-5-25f1.JPG,5,t,f,f
4db25c1c-d986-1004-8e0c-b321d9e0c5c1,I923,p/gu1/I/I923/I923-3-25f1.JPG,4,t,f,f
4db25c1c-d986-1004-8e0c-b321d9e0c5c1,I923,p/gu1/I/I923/I923-4-25f1.JPG,3,t,f,f
4db25c1c-d986-1004-8e0c-b321d9e0c5c1,I923,p/gu1/I/I923/I923-1-25f1.jpg,2,t,f,f
4db25c1c-d986-1004-8e0c-b321d9e0c5c1,I923,p/gu1/I/I923/I923-1-25f1.JPG,1,t,f,f
d635ab8c-d929-1004-835b-90389054983d,G0694B-L,p/gu1/G/G0694B-L/G0694B-L-5-31ad.jpg,5,t,f,f
d635ab8c-d929-1004-835b-90389054983d,G0694B-L,p/gu1/G/G0694B-L/G0694B-L-4-31ad.jpg,4,t,f,f
d635ab8c-d929-1004-835b-90389054983d,G0694B-L,p/gu1/G/G0694B-L/G0694B-L-3-31ad.jpg,3,t,f,f
d635ab8c-d929-1004-835b-90389054983d,G0694B-L,p/gu1/G/G0694B-L/G0694B-L-2-31ad.jpg,2,t,f,f
d635ab8c-d929-1004-835b-90389054983d,G0694B-L,p/gu1/G/G0694B-L/G0694B-L-1-31ad.jpg,1,t,t,t
d635ab8c-d929-1004-835b-90389054983d,G0694B-L,p/gu1/G/G0694B-L/G0694B-L-9-31ad.jpg,9,t,f,f
d635ab8c-d929-1004-835b-90389054983d,G0694B-L,p/gu1/G/G0694B-L/G0694B-L-8-31ad.jpg,8,t,f,f
d635ab8c-d929-1004-835b-90389054983d,G0694B-L,p/gu1/G/G0694B-L/G0694B-L-7-31ad.jpg,7,t,f,f
d635ab8c-d929-1004-835b-90389054983d,G0694B-L,p/gu1/G/G0694B-L/G0694B-L-6-31ad.jpg,6,t,f,f
4b5a1374-d986-1004-8e0c-b321d9e0c5c1,I913,p/gu1/I/I913/I913-6-9226.jpg,3,t,f,f
4b5a1374-d986-1004-8e0c-b321d9e0c5c1,I913,p/gu1/I/I913/I913-3-9226.jpg,2,t,f,f
4b5a1374-d986-1004-8e0c-b321d9e0c5c1,I913,p/gu1/I/I913/I913-1-9226.jpg,1,t,f,f
4b5a1374-d986-1004-8e0c-b321d9e0c5c1,I913,p/gu1/I/I913/I913-2-9226.jpg,10,t,f,f
4b5a1374-d986-1004-8e0c-b321d9e0c5c1,I913,p/gu1/I/I913/I913-4-9226.jpg,9,t,f,f
4b5a1374-d986-1004-8e0c-b321d9e0c5c1,I913,p/gu1/I/I913/I913-8-9226.jpg,8,t,f,f
4b5a1374-d986-1004-8e0c-b321d9e0c5c1,I913,p/gu1/I/I913/I913-5-9226.jpg,7,t,f,f
4b5a1374-d986-1004-8e0c-b321d9e0c5c1,I913,p/gu1/I/I913/I913-10-9226.jpg,6,t,f,f
4b5a1374-d986-1004-8e0c-b321d9e0c5c1,I913,p/gu1/I/I913/I913-7-9226.jpg,5,t,f,f
4b5a1374-d986-1004-8e0c-b321d9e0c5c1,I913,p/gu1/I/I913/I913-9-9226.jpg,4,t,t,t
00703484-d914-1004-874c-d371c9ab96c0,I282,p/tt/i/2/i282-4-a504.jpg,6,t,f,f
00703484-d914-1004-874c-d371c9ab96c0,I282,p/tt/i/2/i282-7-a504.jpg,2,t,f,f
00703484-d914-1004-874c-d371c9ab96c0,I282,p/tt/i/2/i282-3-a504.jpg,3,t,f,f
00703484-d914-1004-874c-d371c9ab96c0,I282,p/tt/i/2/i282-8-a504.jpg,8,t,f,f
00703484-d914-1004-874c-d371c9ab96c0,I282,p/tt/i/2/i282-9-a504.jpg,5,t,t,t
00703484-d914-1004-874c-d371c9ab96c0,I282,p/tt/i/2/i282-6-a504.jpg,4,t,f,f
00703484-d914-1004-874c-d371c9ab96c0,I282,p/tt/i/2/i282-5-a504.jpg,9,t,f,f
00703484-d914-1004-874c-d371c9ab96c0,I282,p/tt/i/2/i282-10-a504.jpg,7,t,f,f
00703484-d914-1004-874c-d371c9ab96c0,I282,p/tt/i/m/image_356_1_218_1_81_1_394_1_17_1_18_1_21_1_202_1_97_1_100_1_290_1_177_1_610_1_265_1_193_1_361_1_1045_1_1079_1_112.jpg,1,t,f,f
00b46857-d914-1004-874c-d371c9ab96c0,H4630,p/tt/f/i/file_1132.jpg,11,t,f,f
00b46857-d914-1004-874c-d371c9ab96c0,H4630,p/tt/f/i/file_1131.jpg,10,t,f,f
00b46857-d914-1004-874c-d371c9ab96c0,H4630,p/tt/f/i/file_1127_2.jpg,9,t,f,f
00b46857-d914-1004-874c-d371c9ab96c0,H4630,p/tt/f/i/file_1130_1.jpg,7,t,f,f
00b46857-d914-1004-874c-d371c9ab96c0,H4630,p/tt/f/i/file_1128_2.jpg,6,t,f,f
00b46857-d914-1004-874c-d371c9ab96c0,H4630,p/tt/f/i/file_1126_2.jpg,5,t,f,f
00b46857-d914-1004-874c-d371c9ab96c0,H4630,p/tt/f/i/file_270_36.jpg,2,t,f,f
00b46857-d914-1004-874c-d371c9ab96c0,H4630,p/tt/f/i/file_266_67.jpg,3,t,f,f
00b46857-d914-1004-874c-d371c9ab96c0,H4630,p/tt/f/i/file_269_63.jpg,4,t,f,f
00b46857-d914-1004-874c-d371c9ab96c0,H4630,p/tt/f/i/file_268_66.jpg,1,t,t,t
00b46857-d914-1004-874c-d371c9ab96c0,H4630,p/tt/f/i/file_1129_2.jpg,8,t,f,f
0083374f-d914-1004-874c-d371c9ab96c0,PA1164,p/tt/2/0/20110107_img_012096.jpg,5,t,f,f
0083374f-d914-1004-874c-d371c9ab96c0,PA1164,p/tt/2/0/20110107_img_012094.jpg,4,t,f,f
0083374f-d914-1004-874c-d371c9ab96c0,PA1164,p/tt/2/0/20110107_img_012095.jpg,3,t,f,f
0083374f-d914-1004-874c-d371c9ab96c0,PA1164,p/tt/2/0/20110107_img_012097.jpg,2,t,f,f
0083374f-d914-1004-874c-d371c9ab96c0,PA1164,p/tt/2/0/20110107_img_012106.jpg,1,t,t,t
5ed50f08-d986-1004-8e0c-b321d9e0c5c1,W381,p/gu1/W/W381/W381-5-cf91.JPG,7,t,f,f
5ed50f08-d986-1004-8e0c-b321d9e0c5c1,W381,p/gu1/W/W381/W381-2-cf91.JPG,6,t,f,f
5ed50f08-d986-1004-8e0c-b321d9e0c5c1,W381,p/gu1/W/W381/W381-3-cf91.JPG,5,t,f,f
5ed50f08-d986-1004-8e0c-b321d9e0c5c1,W381,p/gu1/W/W381/W381-6-cf91.JPG,4,t,t,t
5ed50f08-d986-1004-8e0c-b321d9e0c5c1,W381,p/gu1/W/W381/W381-1-cf91.JPG,3,t,f,f
5ed50f08-d986-1004-8e0c-b321d9e0c5c1,W381,p/gu1/W/W381/W381-7-cf91.JPG,2,t,f,f
5ed50f08-d986-1004-8e0c-b321d9e0c5c1,W381,p/gu1/W/W381/W381-4-cf91.JPG,1,t,f,f
9c66d31c-d984-1004-8136-a12200f6b65b,W326-1,p/gu1/W/W326-1/W326-1-6-8e7b.jpg,3,t,f,f
9c66d31c-d984-1004-8136-a12200f6b65b,W326-1,p/gu1/W/W326-1/W326-1-2-8e7b.JPG,2,t,f,f
9c66d31c-d984-1004-8136-a12200f6b65b,W326-1,p/gu1/W/W326-1/W326-1-1-8e7b.jpg,1,t,f,f
9c66d31c-d984-1004-8136-a12200f6b65b,W326-1,p/gu1/W/W326-1/W326-1-2-8e7b.jpg,15,t,f,f
9c66d31c-d984-1004-8136-a12200f6b65b,W326-1,p/gu1/W/W326-1/W326-1-5-8e7b.jpg,14,t,f,f
9c66d31c-d984-1004-8136-a12200f6b65b,W326-1,p/gu1/W/W326-1/W326-1-7-8e7b.jpg,13,t,f,f
9c66d31c-d984-1004-8136-a12200f6b65b,W326-1,p/gu1/W/W326-1/W326-1-6-8e7b.JPG,12,t,f,f
9c66d31c-d984-1004-8136-a12200f6b65b,W326-1,p/gu1/W/W326-1/W326-1-4-8e7b.JPG,11,t,f,f
9c66d31c-d984-1004-8136-a12200f6b65b,W326-1,p/gu1/W/W326-1/W326-1-5-8e7b.JPG,10,t,f,f
9c66d31c-d984-1004-8136-a12200f6b65b,W326-1,p/gu1/W/W326-1/W326-1-1-8e7b.JPG,9,t,t,t
9c66d31c-d984-1004-8136-a12200f6b65b,W326-1,p/gu1/W/W326-1/W326-1-3-8e7b.JPG,8,t,f,f
9c66d31c-d984-1004-8136-a12200f6b65b,W326-1,p/gu1/W/W326-1/W326-1-3-8e7b.jpg,7,t,f,f
9c66d31c-d984-1004-8136-a12200f6b65b,W326-1,p/gu1/W/W326-1/W326-1-8-8e7b.JPG,6,t,f,f
9c66d31c-d984-1004-8136-a12200f6b65b,W326-1,p/gu1/W/W326-1/W326-1-4-8e7b.jpg,5,t,f,f
9c66d31c-d984-1004-8136-a12200f6b65b,W326-1,p/gu1/W/W326-1/W326-1-7-8e7b.JPG,4,t,f,f
009dbcda-d914-1004-874c-d371c9ab96c0,D1671,p/tt/d/1/d1671-1-9198.jpg,1,t,t,t
009dbcda-d914-1004-874c-d371c9ab96c0,D1671,p/tt/d/1/d1671-7-9198.jpg,16,t,f,f
009dbcda-d914-1004-874c-d371c9ab96c0,D1671,p/tt/d/1/d1671-5-9198.jpg,17,t,f,f
009dbcda-d914-1004-874c-d371c9ab96c0,D1671,p/tt/d/1/d1671-19-9198.jpg,20,t,f,f
009dbcda-d914-1004-874c-d371c9ab96c0,D1671,p/tt/d/1/d1671-9-9198.jpg,18,t,f,f
009dbcda-d914-1004-874c-d371c9ab96c0,D1671,p/tt/d/1/d1671-15-9198.jpg,2,t,f,f
009dbcda-d914-1004-874c-d371c9ab96c0,D1671,p/tt/d/1/d1671-8-9198.jpg,19,t,f,f
009dbcda-d914-1004-874c-d371c9ab96c0,D1671,p/tt/d/1/d1671-2-9198.jpg,4,t,f,f
009dbcda-d914-1004-874c-d371c9ab96c0,D1671,p/tt/d/1/d1671-18-9198.jpg,15,t,f,f
009dbcda-d914-1004-874c-d371c9ab96c0,D1671,p/tt/d/1/d1671-12-9198.jpg,3,t,f,f
009dbcda-d914-1004-874c-d371c9ab96c0,D1671,p/tt/d/1/d1671-16-9198.jpg,14,t,f,f
009dbcda-d914-1004-874c-d371c9ab96c0,D1671,p/tt/d/1/d1671-17-9198.jpg,13,t,f,f
009dbcda-d914-1004-874c-d371c9ab96c0,D1671,p/tt/d/1/d1671-6-9198.jpg,12,t,f,f
009dbcda-d914-1004-874c-d371c9ab96c0,D1671,p/tt/d/1/d1671-4-9198.jpg,11,t,f,f
009dbcda-d914-1004-874c-d371c9ab96c0,D1671,p/tt/d/1/d1671-20-9198.jpg,10,t,f,f
009dbcda-d914-1004-874c-d371c9ab96c0,D1671,p/tt/d/1/d1671-14-9198.jpg,9,t,f,f
009dbcda-d914-1004-874c-d371c9ab96c0,D1671,p/tt/d/1/d1671-3-9198.jpg,8,t,f,f
009dbcda-d914-1004-874c-d371c9ab96c0,D1671,p/tt/d/1/d1671-13-9198.jpg,7,t,f,f
009dbcda-d914-1004-874c-d371c9ab96c0,D1671,p/tt/d/1/d1671-10-9198.jpg,6,t,f,f
009dbcda-d914-1004-874c-d371c9ab96c0,D1671,p/tt/d/1/d1671-11-9198.jpg,5,t,f,f
0095cb9a-d914-1004-874c-d371c9ab96c0,D1087,p/tt/d/1/d1087-2-74e0.jpg,9,t,f,f
0095cb9a-d914-1004-874c-d371c9ab96c0,D1087,p/tt/d/1/d1087-14-74e0.jpg,1,t,f,f
0095cb9a-d914-1004-874c-d371c9ab96c0,D1087,p/tt/d/1/d1087-15-74e0.jpg,12,t,f,f
0095cb9a-d914-1004-874c-d371c9ab96c0,D1087,p/tt/d/1/d1087-8-74e0.jpg,4,t,f,f
0095cb9a-d914-1004-874c-d371c9ab96c0,D1087,p/tt/d/1/d1087-11-74e0.jpg,13,t,f,f
0095cb9a-d914-1004-874c-d371c9ab96c0,D1087,p/tt/d/1/d1087-10-74e0.jpg,5,t,f,f
0095cb9a-d914-1004-874c-d371c9ab96c0,D1087,p/tt/d/1/d1087-4-74e0.jpg,10,t,f,f
0095cb9a-d914-1004-874c-d371c9ab96c0,D1087,p/tt/d/1/d1087-6-74e0.jpg,2,t,f,f
0095cb9a-d914-1004-874c-d371c9ab96c0,D1087,p/tt/d/1/d1087-3-74e0.jpg,11,t,t,t
0095cb9a-d914-1004-874c-d371c9ab96c0,D1087,p/tt/d/1/d1087-1-74e0.jpg,3,t,f,f
0095cb9a-d914-1004-874c-d371c9ab96c0,D1087,p/tt/d/1/d1087-12-74e0.jpg,8,t,f,f
0095cb9a-d914-1004-874c-d371c9ab96c0,D1087,p/tt/d/1/d1087-7-74e0.jpg,14,t,f,f
0095cb9a-d914-1004-874c-d371c9ab96c0,D1087,p/tt/d/1/d1087-13-74e0.jpg,6,t,f,f
0095cb9a-d914-1004-874c-d371c9ab96c0,D1087,p/tt/d/1/d1087-9-74e0.jpg,7,t,f,f
00c5ddc4-d914-1004-874c-d371c9ab96c0,H323,p/tt/1/2/12381377353.jpg,4,t,f,f
00c5ddc4-d914-1004-874c-d371c9ab96c0,H323,p/tt/1/2/12381377351.jpg,2,t,f,f
00c5ddc4-d914-1004-874c-d371c9ab96c0,H323,p/tt/1/2/12381377354.jpg,5,t,f,f
00c5ddc4-d914-1004-874c-d371c9ab96c0,H323,p/tt/1/2/12381377352.jpg,3,t,f,f
00c5ddc4-d914-1004-874c-d371c9ab96c0,H323,p/tt/1/2/12381377355.jpg,6,t,f,f
00c5ddc4-d914-1004-874c-d371c9ab96c0,H323,p/tt/1/2/12381377350.jpg,1,t,t,t
4bd488ac-d986-1004-8e0c-b321d9e0c5c1,I915,p/gu1/I/I915/I915-5-4c44.jpg,11,t,f,f
4bd488ac-d986-1004-8e0c-b321d9e0c5c1,I915,p/gu1/I/I915/I915-4-4c44.jpg,10,t,f,f
4bd488ac-d986-1004-8e0c-b321d9e0c5c1,I915,p/gu1/I/I915/I915-9-4c44.jpg,9,t,f,f
4bd488ac-d986-1004-8e0c-b321d9e0c5c1,I915,p/gu1/I/I915/I915-10-4c44.jpg,8,t,f,f
4bd488ac-d986-1004-8e0c-b321d9e0c5c1,I915,p/gu1/I/I915/I915-1-4c44.jpg,7,t,f,f
4bd488ac-d986-1004-8e0c-b321d9e0c5c1,I915,p/gu1/I/I915/I915-3-4c44.jpg,6,t,f,f
4bd488ac-d986-1004-8e0c-b321d9e0c5c1,I915,p/gu1/I/I915/I915-6-4c44.jpg,5,t,t,t
4bd488ac-d986-1004-8e0c-b321d9e0c5c1,I915,p/gu1/I/I915/I915-2-4c44.jpg,4,t,f,f
4bd488ac-d986-1004-8e0c-b321d9e0c5c1,I915,p/gu1/I/I915/I915-11-4c44.jpg,3,t,f,f
4bd488ac-d986-1004-8e0c-b321d9e0c5c1,I915,p/gu1/I/I915/I915-7-4c44.jpg,2,t,f,f
4bd488ac-d986-1004-8e0c-b321d9e0c5c1,I915,p/gu1/I/I915/I915-8-4c44.jpg,1,t,f,f
0488d678-d914-1004-874c-d371c9ab96c0,PT110,p/tt/1/6/1628_20081107151546_6.jpg,7,t,f,f
0488d678-d914-1004-874c-d371c9ab96c0,PT110,p/tt/1/6/1628_20081107151544_5.jpg,6,t,f,f
0488d678-d914-1004-874c-d371c9ab96c0,PT110,p/tt/1/6/1628_20081107151543_4.jpg,5,t,f,f
0488d678-d914-1004-874c-d371c9ab96c0,PT110,p/tt/1/6/1628_20081107151542_3.jpg,4,t,f,f
0488d678-d914-1004-874c-d371c9ab96c0,PT110,p/tt/1/6/1628_20081107151540_2.jpg,3,t,f,f
0488d678-d914-1004-874c-d371c9ab96c0,PT110,p/tt/1/6/1628.jpg,1,t,t,t
0cb986d4-d914-1004-874c-d371c9ab96c0,D1353,p/gu1/D/D1353/D1353-2-6904.jpg,8,t,f,t
0cb986d4-d914-1004-874c-d371c9ab96c0,D1353,p/gu1/D/D1353/D1353-2-6904.JPG,1,t,t,t
0cb986d4-d914-1004-874c-d371c9ab96c0,D1353,p/gu1/D/D1353/D1353-7-6904.jpg,15,t,f,f
0cb986d4-d914-1004-874c-d371c9ab96c0,D1353,p/gu1/D/D1353/D1353-6-6904.jpg,14,t,f,f
0cb986d4-d914-1004-874c-d371c9ab96c0,D1353,p/gu1/D/D1353/D1353-1-6904.gif,13,t,f,f
0cb986d4-d914-1004-874c-d371c9ab96c0,D1353,p/gu1/D/D1353/D1353-4-6904.jpg,6,t,f,f
0cb986d4-d914-1004-874c-d371c9ab96c0,D1353,p/gu1/D/D1353/D1353-1-6904.JPG,5,t,f,f
0cb986d4-d914-1004-874c-d371c9ab96c0,D1353,p/gu1/D/D1353/D1353-10-6904.jpg,2,t,f,f
0cb986d4-d914-1004-874c-d371c9ab96c0,D1353,p/gu1/D/D1353/D1353-9-6904.jpg,12,t,f,f
0cb986d4-d914-1004-874c-d371c9ab96c0,D1353,p/gu1/D/D1353/D1353-8-6904.jpg,11,t,f,f
0cb986d4-d914-1004-874c-d371c9ab96c0,D1353,p/gu1/D/D1353/D1353-1-6904.jpg,7,t,f,f
0cb986d4-d914-1004-874c-d371c9ab96c0,D1353,p/gu1/D/D1353/D1353-5-6904.jpg,10,t,f,f
0cb986d4-d914-1004-874c-d371c9ab96c0,D1353,p/gu1/D/D1353/D1353-3-6904.jpg,9,t,f,f
0cb986d4-d914-1004-874c-d371c9ab96c0,D1353,p/gu1/D/D1353/D1353-3-6904.JPG,4,t,f,f
0cb986d4-d914-1004-874c-d371c9ab96c0,D1353,p/gu1/D/D1353/D1353-4-6904.JPG,3,t,f,f
cd563454-d92f-1004-8e79-5d7e63ca983b,G0767B-L,p/gu1/G/G0767B-L/G0767B-L-9-ca71.jpg,18,t,f,f
cd563454-d92f-1004-8e79-5d7e63ca983b,G0767B-L,p/gu1/G/G0767B-L/G0767B-L-8-ca71.jpg,17,t,f,f
cd563454-d92f-1004-8e79-5d7e63ca983b,G0767B-L,p/gu1/G/G0767B-L/G0767B-L-7-ca71.jpg,16,t,f,f
cd563454-d92f-1004-8e79-5d7e63ca983b,G0767B-L,p/gu1/G/G0767B-L/G0767B-L-6-ca71.jpg,15,t,f,f
cd563454-d92f-1004-8e79-5d7e63ca983b,G0767B-L,p/gu1/G/G0767B-L/G0767B-L-5-ca71.jpg,14,t,f,f
cd563454-d92f-1004-8e79-5d7e63ca983b,G0767B-L,p/gu1/G/G0767B-L/G0767B-L-4-ca71.jpg,13,t,f,f
cd563454-d92f-1004-8e79-5d7e63ca983b,G0767B-L,p/gu1/G/G0767B-L/G0767B-L-3-ca71.jpg,12,t,f,f
cd563454-d92f-1004-8e79-5d7e63ca983b,G0767B-L,p/gu1/G/G0767B-L/G0767B-L-2-ca71.jpg,11,t,f,f
cd563454-d92f-1004-8e79-5d7e63ca983b,G0767B-L,p/gu1/G/G0767B-L/G0767B-L-18-ca71.jpg,10,t,t,t
cd563454-d92f-1004-8e79-5d7e63ca983b,G0767B-L,p/gu1/G/G0767B-L/G0767B-L-17-ca71.jpg,9,t,f,f
cd563454-d92f-1004-8e79-5d7e63ca983b,G0767B-L,p/gu1/G/G0767B-L/G0767B-L-16-ca71.jpg,8,t,f,f
cd563454-d92f-1004-8e79-5d7e63ca983b,G0767B-L,p/gu1/G/G0767B-L/G0767B-L-15-ca71.jpg,7,t,f,f
cd563454-d92f-1004-8e79-5d7e63ca983b,G0767B-L,p/gu1/G/G0767B-L/G0767B-L-14-ca71.jpg,6,t,f,f
cd563454-d92f-1004-8e79-5d7e63ca983b,G0767B-L,p/gu1/G/G0767B-L/G0767B-L-13-ca71.jpg,5,t,f,f
cd563454-d92f-1004-8e79-5d7e63ca983b,G0767B-L,p/gu1/G/G0767B-L/G0767B-L-12-ca71.jpg,4,t,f,f
cd563454-d92f-1004-8e79-5d7e63ca983b,G0767B-L,p/gu1/G/G0767B-L/G0767B-L-11-ca71.jpg,3,t,f,f
cd563454-d92f-1004-8e79-5d7e63ca983b,G0767B-L,p/gu1/G/G0767B-L/G0767B-L-10-ca71.jpg,2,t,f,f
cd563454-d92f-1004-8e79-5d7e63ca983b,G0767B-L,p/gu1/G/G0767B-L/G0767B-L-1-ca71.jpg,1,t,f,f
9826c8d4-d984-1004-8136-a12200f6b65b,K2163,p/gu1/K/K2163/K2163-5-1ed7.JPG,15,t,f,f
9826c8d4-d984-1004-8136-a12200f6b65b,K2163,p/gu1/K/K2163/K2163-8-1ed7.JPG,14,t,f,f
9826c8d4-d984-1004-8136-a12200f6b65b,K2163,p/gu1/K/K2163/K2163-4-1ed7.jpg,13,t,f,f
9826c8d4-d984-1004-8136-a12200f6b65b,K2163,p/gu1/K/K2163/K2163-5-1ed7.jpg,12,t,f,f
9826c8d4-d984-1004-8136-a12200f6b65b,K2163,p/gu1/K/K2163/K2163-2-1ed7.jpg,11,t,f,f
9826c8d4-d984-1004-8136-a12200f6b65b,K2163,p/gu1/K/K2163/K2163-1-1ed7.JPG,10,t,f,f
9826c8d4-d984-1004-8136-a12200f6b65b,K2163,p/gu1/K/K2163/K2163-3-1ed7.JPG,9,t,f,f
9826c8d4-d984-1004-8136-a12200f6b65b,K2163,p/gu1/K/K2163/K2163-9-1ed7.jpg,8,t,f,f
9826c8d4-d984-1004-8136-a12200f6b65b,K2163,p/gu1/K/K2163/K2163-6-1ed7.jpg,7,t,f,f
9826c8d4-d984-1004-8136-a12200f6b65b,K2163,p/gu1/K/K2163/K2163-7-1ed7.jpg,6,t,t,t
9826c8d4-d984-1004-8136-a12200f6b65b,K2163,p/gu1/K/K2163/K2163-7-1ed7.JPG,5,t,f,f
9826c8d4-d984-1004-8136-a12200f6b65b,K2163,p/gu1/K/K2163/K2163-2-1ed7.JPG,4,t,f,f
9826c8d4-d984-1004-8136-a12200f6b65b,K2163,p/gu1/K/K2163/K2163-4-1ed7.JPG,3,t,f,f
9826c8d4-d984-1004-8136-a12200f6b65b,K2163,p/gu1/K/K2163/K2163-1-1ed7.jpg,2,t,f,f
9826c8d4-d984-1004-8136-a12200f6b65b,K2163,p/gu1/K/K2163/K2163-3-1ed7.jpg,1,t,f,f
55866ac8-d986-1004-8e0c-b321d9e0c5c1,G5002GR100,p/gu1/G/G5002GR100/G5002GR100-4-ec1c.jpg,4,t,f,f
55866ac8-d986-1004-8e0c-b321d9e0c5c1,G5002GR100,p/gu1/G/G5002GR100/G5002GR100-2-ec1c.jpg,3,t,f,f
55866ac8-d986-1004-8e0c-b321d9e0c5c1,G5002GR100,p/gu1/G/G5002GR100/G5002GR100-5-ec1c.jpg,2,t,f,f
55866ac8-d986-1004-8e0c-b321d9e0c5c1,G5002GR100,p/gu1/G/G5002GR100/G5002GR100-6-ec1c.jpg,1,t,f,f
55866ac8-d986-1004-8e0c-b321d9e0c5c1,G5002GR100,p/gu1/G/G5002GR100/G5002GR100-3-ec1c.jpg,6,t,f,f
55866ac8-d986-1004-8e0c-b321d9e0c5c1,G5002GR100,p/gu1/G/G5002GR100/G5002GR100-1-ec1c.jpg,5,t,t,t
5e21e504-d986-1004-8e0c-b321d9e0c5c1,W606,p/gu1/W/W606/W606-6-58d0.JPG,8,t,f,f
5e21e504-d986-1004-8e0c-b321d9e0c5c1,W606,p/gu1/W/W606/W606-1-58d0.JPG,7,t,f,f
5e21e504-d986-1004-8e0c-b321d9e0c5c1,W606,p/gu1/W/W606/W606-7-58d0.JPG,6,t,f,f
5e21e504-d986-1004-8e0c-b321d9e0c5c1,W606,p/gu1/W/W606/W606-4-58d0.JPG,5,t,f,f
5e21e504-d986-1004-8e0c-b321d9e0c5c1,W606,p/gu1/W/W606/W606-2-58d0.JPG,4,t,f,f
5e21e504-d986-1004-8e0c-b321d9e0c5c1,W606,p/gu1/W/W606/W606-3-58d0.JPG,3,t,f,f
5e21e504-d986-1004-8e0c-b321d9e0c5c1,W606,p/gu1/W/W606/W606-1-58d0.jpg,2,t,t,t
5e21e504-d986-1004-8e0c-b321d9e0c5c1,W606,p/gu1/W/W606/W606-5-58d0.JPG,1,t,f,f
48a459b4-d986-1004-8e0c-b321d9e0c5c1,L0367,p/gu1/L/L0367/L0367-3-3df9.JPG,8,t,f,f
48a459b4-d986-1004-8e0c-b321d9e0c5c1,L0367,p/gu1/L/L0367/L0367-2-3df9.JPG,7,t,f,f
48a459b4-d986-1004-8e0c-b321d9e0c5c1,L0367,p/gu1/L/L0367/L0367-7-3df9.JPG,6,t,f,f
48a459b4-d986-1004-8e0c-b321d9e0c5c1,L0367,p/gu1/L/L0367/L0367-6-3df9.JPG,5,t,f,f
48a459b4-d986-1004-8e0c-b321d9e0c5c1,L0367,p/gu1/L/L0367/L0367-4-3df9.JPG,4,t,f,f
48a459b4-d986-1004-8e0c-b321d9e0c5c1,L0367,p/gu1/L/L0367/L0367-5-3df9.JPG,3,t,t,t
48a459b4-d986-1004-8e0c-b321d9e0c5c1,L0367,p/gu1/L/L0367/L0367-8-3df9.JPG,2,t,f,f
48a459b4-d986-1004-8e0c-b321d9e0c5c1,L0367,p/gu1/L/L0367/L0367-1-3df9.JPG,1,t,f,f
d4e7b697-d929-1004-835b-90389054983d,G0285BL,p/tt/g/0/g0285bl-4-85ec.jpg,3,t,f,f
d4e7b697-d929-1004-835b-90389054983d,G0285BL,p/tt/g/0/g0285bl-2-85ec.jpg,1,t,t,t
d4e7b697-d929-1004-835b-90389054983d,G0285BL,p/tt/g/0/g0285bl-5-85ec.jpg,2,t,f,f
d4e7b697-d929-1004-835b-90389054983d,G0285BL,p/tt/g/0/g0285bl-7-85ec.jpg,6,t,f,f
d4e7b697-d929-1004-835b-90389054983d,G0285BL,p/tt/g/0/g0285bl-6-85ec.jpg,5,t,f,f
d4e7b697-d929-1004-835b-90389054983d,G0285BL,p/tt/g/0/g0285bl-3-85ec.jpg,4,t,f,f
00c8bc25-d914-1004-874c-d371c9ab96c0,PT402SU,p/tt/1/5/1598_20081027111344_2.jpg,3,t,f,f
00c8bc25-d914-1004-874c-d371c9ab96c0,PT402SU,p/tt/1/5/1598_20081027111344_4.jpg,5,t,f,f
00c8bc25-d914-1004-874c-d371c9ab96c0,PT402SU,p/tt/1/5/1598_20081027111344_3.jpg,4,t,f,f
00c8bc25-d914-1004-874c-d371c9ab96c0,PT402SU,p/tt/1/5/1598_20081027111344_5.jpg,6,t,f,f
00c8bc25-d914-1004-874c-d371c9ab96c0,PT402SU,p/tt/1/5/1598_20081027111343_1.jpg,2,t,f,f
00c8bc25-d914-1004-874c-d371c9ab96c0,PT402SU,p/tt/1/5/1598_20081027111345_6.jpg,7,t,f,f
00c8bc25-d914-1004-874c-d371c9ab96c0,PT402SU,p/tt/1/5/1598.jpg,1,t,t,t
993287ed-d941-1004-8d00-f7eee594cf91,G0182,p/tt/g/0/g0182-3-5fa5.jpg,7,t,f,f
993287ed-d941-1004-8d00-f7eee594cf91,G0182,p/tt/g/0/g0182-6-5fa5.jpg,6,t,f,f
993287ed-d941-1004-8d00-f7eee594cf91,G0182,p/tt/g/0/g0182-7-5fa5.jpg,4,t,f,f
993287ed-d941-1004-8d00-f7eee594cf91,G0182,p/tt/g/0/g0182-1-5fa5.jpg,5,t,f,f
993287ed-d941-1004-8d00-f7eee594cf91,G0182,p/tt/g/0/g0182-4-5fa5.jpg,3,t,f,f
993287ed-d941-1004-8d00-f7eee594cf91,G0182,p/tt/g/0/g0182-5-5fa5.jpg,2,t,f,f
993287ed-d941-1004-8d00-f7eee594cf91,G0182,p/tt/g/0/g0182-2-5fa5.jpg,1,t,t,t
4c643e84-d986-1004-8e0c-b321d9e0c5c1,I918,p/gu1/I/I918/I918-8-ceef.jpg,15,t,f,f
4c643e84-d986-1004-8e0c-b321d9e0c5c1,I918,p/gu1/I/I918/I918-4-ceef.jpg,14,t,f,f
4c643e84-d986-1004-8e0c-b321d9e0c5c1,I918,p/gu1/I/I918/I918-1-ceef.jpg,13,t,f,f
4c643e84-d986-1004-8e0c-b321d9e0c5c1,I918,p/gu1/I/I918/I918-2-ceef.jpg,12,t,f,f
4c643e84-d986-1004-8e0c-b321d9e0c5c1,I918,p/gu1/I/I918/I918-12-ceef.jpg,11,t,f,f
4c643e84-d986-1004-8e0c-b321d9e0c5c1,I918,p/gu1/I/I918/I918-7-ceef.jpg,10,t,f,f
4c643e84-d986-1004-8e0c-b321d9e0c5c1,I918,p/gu1/I/I918/I918-15-ceef.jpg,9,t,f,f
4c643e84-d986-1004-8e0c-b321d9e0c5c1,I918,p/gu1/I/I918/I918-3-ceef.jpg,8,t,f,f
4c643e84-d986-1004-8e0c-b321d9e0c5c1,I918,p/gu1/I/I918/I918-9-ceef.jpg,7,t,t,t
4c643e84-d986-1004-8e0c-b321d9e0c5c1,I918,p/gu1/I/I918/I918-14-ceef.jpg,6,t,f,f
4c643e84-d986-1004-8e0c-b321d9e0c5c1,I918,p/gu1/I/I918/I918-13-ceef.jpg,5,t,f,f
4c643e84-d986-1004-8e0c-b321d9e0c5c1,I918,p/gu1/I/I918/I918-11-ceef.jpg,4,t,f,f
4c643e84-d986-1004-8e0c-b321d9e0c5c1,I918,p/gu1/I/I918/I918-5-ceef.jpg,3,t,f,f
4c643e84-d986-1004-8e0c-b321d9e0c5c1,I918,p/gu1/I/I918/I918-10-ceef.jpg,2,t,f,f
4c643e84-d986-1004-8e0c-b321d9e0c5c1,I918,p/gu1/I/I918/I918-6-ceef.jpg,1,t,f,f
5cd0e718-d986-1004-8e0c-b321d9e0c5c1,H14112,p/gu1/H/H14112/H14112-4-00df.JPG,7,t,f,f
5cd0e718-d986-1004-8e0c-b321d9e0c5c1,H14112,p/gu1/H/H14112/H14112-3-00df.JPG,6,t,f,f
5cd0e718-d986-1004-8e0c-b321d9e0c5c1,H14112,p/gu1/H/H14112/H14112-1-00df.jpg,5,t,f,f
5cd0e718-d986-1004-8e0c-b321d9e0c5c1,H14112,p/gu1/H/H14112/H14112-2-00df.jpg,4,t,f,f
5cd0e718-d986-1004-8e0c-b321d9e0c5c1,H14112,p/gu1/H/H14112/H14112-1-00df.JPG,3,t,f,f
5cd0e718-d986-1004-8e0c-b321d9e0c5c1,H14112,p/gu1/H/H14112/H14112-2-00df.JPG,2,t,f,f
5cd0e718-d986-1004-8e0c-b321d9e0c5c1,H14112,p/gu1/H/H14112/H14112-5-00df.JPG,1,t,t,t
4946929c-d986-1004-8e0c-b321d9e0c5c1,L0373,p/gu1/L/L0373/L0373-2-72fa.JPG,8,t,f,f
4946929c-d986-1004-8e0c-b321d9e0c5c1,L0373,p/gu1/L/L0373/L0373-6-72fa.JPG,7,t,t,t
4946929c-d986-1004-8e0c-b321d9e0c5c1,L0373,p/gu1/L/L0373/L0373-3-72fa.JPG,6,t,f,f
4946929c-d986-1004-8e0c-b321d9e0c5c1,L0373,p/gu1/L/L0373/L0373-7-72fa.JPG,5,t,f,f
4946929c-d986-1004-8e0c-b321d9e0c5c1,L0373,p/gu1/L/L0373/L0373-5-72fa.JPG,4,t,f,f
4946929c-d986-1004-8e0c-b321d9e0c5c1,L0373,p/gu1/L/L0373/L0373-8-72fa.JPG,3,t,f,f
4946929c-d986-1004-8e0c-b321d9e0c5c1,L0373,p/gu1/L/L0373/L0373-1-72fa.JPG,2,t,f,f
4946929c-d986-1004-8e0c-b321d9e0c5c1,L0373,p/gu1/L/L0373/L0373-4-72fa.JPG,1,t,f,f
006497db-d914-1004-874c-d371c9ab96c0,I260,p/gu1/I/I260/I260-5-fe69.JPG,6,t,t,t
006497db-d914-1004-874c-d371c9ab96c0,I260,p/gu1/I/I260/I260-4-fe69.JPG,8,t,f,f
006497db-d914-1004-874c-d371c9ab96c0,I260,p/gu1/I/I260/I260-1-fe69.JPG,7,t,f,f
006497db-d914-1004-874c-d371c9ab96c0,I260,p/gu1/I/I260/I260-2-fe69.JPG,5,t,f,f
006497db-d914-1004-874c-d371c9ab96c0,I260,p/gu1/I/I260/I260-8-fe69.JPG,4,t,f,f
006497db-d914-1004-874c-d371c9ab96c0,I260,p/gu1/I/I260/I260-6-fe69.JPG,3,t,f,f
006497db-d914-1004-874c-d371c9ab96c0,I260,p/gu1/I/I260/I260-3-fe69.JPG,2,t,f,f
006497db-d914-1004-874c-d371c9ab96c0,I260,p/gu1/I/I260/I260-7-fe69.JPG,1,t,f,f
d5c91e19-d929-1004-835b-90389054983d,G4029B-M,p/gu1/G/G4029B-M/G4029B-M-5-d1f3.jpg,8,t,t,t
d5c91e19-d929-1004-835b-90389054983d,G4029B-M,p/gu1/G/G4029B-M/G4029B-M-8-d1f3.jpg,11,t,f,f
d5c91e19-d929-1004-835b-90389054983d,G4029B-M,p/gu1/G/G4029B-M/G4029B-M-11-d1f3.jpg,3,t,f,f
d5c91e19-d929-1004-835b-90389054983d,G4029B-M,p/gu1/G/G4029B-M/G4029B-M-4-d1f3.jpg,7,t,f,f
d5c91e19-d929-1004-835b-90389054983d,G4029B-M,p/gu1/G/G4029B-M/G4029B-M-2-d1f3.jpg,5,t,f,f
d5c91e19-d929-1004-835b-90389054983d,G4029B-M,p/gu1/G/G4029B-M/G4029B-M-9-d1f3.jpg,12,t,f,f
d5c91e19-d929-1004-835b-90389054983d,G4029B-M,p/gu1/G/G4029B-M/G4029B-M-12-d1f3.jpg,4,t,f,f
d5c91e19-d929-1004-835b-90389054983d,G4029B-M,p/gu1/G/G4029B-M/G4029B-M-10-d1f3.jpg,2,t,f,f
d5c91e19-d929-1004-835b-90389054983d,G4029B-M,p/gu1/G/G4029B-M/G4029B-M-3-d1f3.jpg,6,t,f,f
d5c91e19-d929-1004-835b-90389054983d,G4029B-M,p/gu1/G/G4029B-M/G4029B-M-1-d1f3.jpg,1,t,f,f
d5c91e19-d929-1004-835b-90389054983d,G4029B-M,p/gu1/G/G4029B-M/G4029B-M-7-d1f3.jpg,10,t,f,f
d5c91e19-d929-1004-835b-90389054983d,G4029B-M,p/gu1/G/G4029B-M/G4029B-M-6-d1f3.jpg,9,t,f,f
00c11abd-d914-1004-874c-d371c9ab96c0,H11052,p/gu1/H/H11052/H11052-4-200c.JPG,8,t,f,f
00c11abd-d914-1004-874c-d371c9ab96c0,H11052,p/gu1/H/H11052/H11052-3-200c.JPG,7,t,f,f
00c11abd-d914-1004-874c-d371c9ab96c0,H11052,p/gu1/H/H11052/H11052-5-200c.JPG,6,t,f,f
00c11abd-d914-1004-874c-d371c9ab96c0,H11052,p/gu1/H/H11052/H11052-1-200c.JPG,5,t,f,f
00c11abd-d914-1004-874c-d371c9ab96c0,H11052,p/gu1/H/H11052/H11052-6-200c.JPG,4,t,f,f
00c11abd-d914-1004-874c-d371c9ab96c0,H11052,p/gu1/H/H11052/H11052-8-200c.JPG,3,t,f,f
00c11abd-d914-1004-874c-d371c9ab96c0,H11052,p/gu1/H/H11052/H11052-2-200c.JPG,2,t,t,t
00c11abd-d914-1004-874c-d371c9ab96c0,H11052,p/gu1/H/H11052/H11052-7-200c.JPG,1,t,f,f
0073dd3d-d914-1004-874c-d371c9ab96c0,I9,p/tt/1/2/12716684350.jpg,4,t,f,f
0073dd3d-d914-1004-874c-d371c9ab96c0,I9,p/tt/1/2/12710664922.jpg,3,t,f,f
0073dd3d-d914-1004-874c-d371c9ab96c0,I9,p/tt/1/2/12710664921.jpg,2,t,f,f
0073dd3d-d914-1004-874c-d371c9ab96c0,I9,p/tt/1/2/12710664920.jpg,1,t,t,t
0d16fc35-d914-1004-874c-d371c9ab96c0,TAZH06,p/tt/9/4/946_20070901164532_7.jpg,7,t,f,f
0d16fc35-d914-1004-874c-d371c9ab96c0,TAZH06,p/tt/9/4/946_20070901164532_6.jpg,6,t,f,f
0d16fc35-d914-1004-874c-d371c9ab96c0,TAZH06,p/tt/9/4/946_20070901164532_5.jpg,5,t,f,f
0d16fc35-d914-1004-874c-d371c9ab96c0,TAZH06,p/tt/9/4/946_20070901164532_4.jpg,4,t,f,f
0d16fc35-d914-1004-874c-d371c9ab96c0,TAZH06,p/tt/9/4/946_20070901164532_3.jpg,3,t,f,f
0d16fc35-d914-1004-874c-d371c9ab96c0,TAZH06,p/tt/9/4/946_20070901164532_2.jpg,2,t,f,f
0d16fc35-d914-1004-874c-d371c9ab96c0,TAZH06,p/tt/9/4/946.jpg,1,t,t,t
5cfd5e4c-d986-1004-8e0c-b321d9e0c5c1,H14120,p/gu1/H/H14120/H14120-5-648b.JPG,8,t,f,f
5cfd5e4c-d986-1004-8e0c-b321d9e0c5c1,H14120,p/gu1/H/H14120/H14120-2-648b.JPG,7,t,f,f
5cfd5e4c-d986-1004-8e0c-b321d9e0c5c1,H14120,p/gu1/H/H14120/H14120-1-648b.jpg,6,t,t,t
5cfd5e4c-d986-1004-8e0c-b321d9e0c5c1,H14120,p/gu1/H/H14120/H14120-4-648b.JPG,5,t,f,f
5cfd5e4c-d986-1004-8e0c-b321d9e0c5c1,H14120,p/gu1/H/H14120/H14120-2-648b.jpg,4,t,f,f
5cfd5e4c-d986-1004-8e0c-b321d9e0c5c1,H14120,p/gu1/H/H14120/H14120-6-648b.JPG,3,t,f,f
5cfd5e4c-d986-1004-8e0c-b321d9e0c5c1,H14120,p/gu1/H/H14120/H14120-1-648b.JPG,2,t,f,f
5cfd5e4c-d986-1004-8e0c-b321d9e0c5c1,H14120,p/gu1/H/H14120/H14120-3-648b.JPG,1,t,f,f
5f3ad2fc-d986-1004-8e0c-b321d9e0c5c1,W460,p/gu1/W/W460/W460-5-dab1.JPG,8,t,t,t
5f3ad2fc-d986-1004-8e0c-b321d9e0c5c1,W460,p/gu1/W/W460/W460-4-dab1.JPG,7,t,f,f
5f3ad2fc-d986-1004-8e0c-b321d9e0c5c1,W460,p/gu1/W/W460/W460-1-dab1.jpg,6,t,f,f
5f3ad2fc-d986-1004-8e0c-b321d9e0c5c1,W460,p/gu1/W/W460/W460-2-dab1.jpg,5,t,f,f
5f3ad2fc-d986-1004-8e0c-b321d9e0c5c1,W460,p/gu1/W/W460/W460-3-dab1.JPG,4,t,f,f
5f3ad2fc-d986-1004-8e0c-b321d9e0c5c1,W460,p/gu1/W/W460/W460-1-dab1.JPG,3,t,f,f
5f3ad2fc-d986-1004-8e0c-b321d9e0c5c1,W460,p/gu1/W/W460/W460-3-dab1.jpg,2,t,f,f
5f3ad2fc-d986-1004-8e0c-b321d9e0c5c1,W460,p/gu1/W/W460/W460-2-dab1.JPG,1,t,f,f
5f3ad2fc-d986-1004-8e0c-b321d9e0c5c1,W460,p/gu1/W/W460/W460-6-dab1.JPG,9,t,f,f
d4f8fa21-d929-1004-835b-90389054983d,V487B,p/tt/v/4/v487b-7-b90b.jpg,16,t,t,t
d4f8fa21-d929-1004-835b-90389054983d,V487B,p/tt/v/4/v487b-1-b90b.jpg,32,t,f,f
d4f8fa21-d929-1004-835b-90389054983d,V487B,p/tt/v/4/v487b-14-b90b.jpg,23,t,f,f
d4f8fa21-d929-1004-835b-90389054983d,V487B,p/tt/v/4/v487b-16-b90b.jpg,17,t,f,f
d4f8fa21-d929-1004-835b-90389054983d,V487B,p/tt/v/4/v487b-5-b90b.jpg,24,t,f,f
d4f8fa21-d929-1004-835b-90389054983d,V487B,p/tt/v/4/v487b-18-b90b.jpg,18,t,f,f
d4f8fa21-d929-1004-835b-90389054983d,V487B,p/tt/v/4/v487b-11-b90b.jpg,27,t,f,f
d4f8fa21-d929-1004-835b-90389054983d,V487B,p/tt/v/4/v487b-3-b90b.jpg,31,t,f,f
d4f8fa21-d929-1004-835b-90389054983d,V487B,p/tt/v/4/v487b-4-b90b.jpg,30,t,f,f
d4f8fa21-d929-1004-835b-90389054983d,V487B,p/tt/v/4/v487b-13-b90b.jpg,33,t,f,f
d4f8fa21-d929-1004-835b-90389054983d,V487B,p/tt/v/4/v487b-8-b90b.jpg,29,t,f,f
d4f8fa21-d929-1004-835b-90389054983d,V487B,p/tt/v/4/v487b-15-b90b.jpg,28,t,f,f
d4f8fa21-d929-1004-835b-90389054983d,V487B,p/tt/v/4/v487b-12-b90b.jpg,26,t,f,f
d4f8fa21-d929-1004-835b-90389054983d,V487B,p/tt/v/4/v487b-17-b90b.jpg,22,t,f,f
d4f8fa21-d929-1004-835b-90389054983d,V487B,p/tt/v/4/v487b-10-b90b.jpg,25,t,f,f
d4f8fa21-d929-1004-835b-90389054983d,V487B,p/tt/v/4/v487b-6-b90b.jpg,21,t,f,f
d4f8fa21-d929-1004-835b-90389054983d,V487B,p/tt/v/4/v487b-9-b90b.jpg,20,t,f,f
d4f8fa21-d929-1004-835b-90389054983d,V487B,p/tt/v/4/v487b-2-b90b.jpg,19,t,f,f
ca3783e1-d92f-1004-8e79-5d7e63ca983b,G0187B-L,p/gu1/G/G0187B-L/G0187B-L-2-60b6.jpg,2,t,f,f
ca3783e1-d92f-1004-8e79-5d7e63ca983b,G0187B-L,p/gu1/G/G0187B-L/G0187B-L-1-60b6.jpg,1,t,f,f
ca3783e1-d92f-1004-8e79-5d7e63ca983b,G0187B-L,p/gu1/G/G0187B-L/G0187B-L-5-60b6.jpg,5,t,f,f
ca3783e1-d92f-1004-8e79-5d7e63ca983b,G0187B-L,p/gu1/G/G0187B-L/G0187B-L-4-60b6.jpg,4,t,t,t
ca3783e1-d92f-1004-8e79-5d7e63ca983b,G0187B-L,p/gu1/G/G0187B-L/G0187B-L-3-60b6.jpg,3,t,f,f
f79609ed-d94d-1004-8ce2-70e36be5c01e,G0220B-M,p/gu1/G/G0220B-M/G0220B-M-6-bb87.jpg,6,t,f,f
f79609ed-d94d-1004-8ce2-70e36be5c01e,G0220B-M,p/gu1/G/G0220B-M/G0220B-M-3-bb87.jpg,3,t,f,f
f79609ed-d94d-1004-8ce2-70e36be5c01e,G0220B-M,p/gu1/G/G0220B-M/G0220B-M-8-bb87.jpg,8,t,f,f
f79609ed-d94d-1004-8ce2-70e36be5c01e,G0220B-M,p/gu1/G/G0220B-M/G0220B-M-5-bb87.jpg,5,t,f,f
f79609ed-d94d-1004-8ce2-70e36be5c01e,G0220B-M,p/gu1/G/G0220B-M/G0220B-M-7-bb87.jpg,7,t,f,f
f79609ed-d94d-1004-8ce2-70e36be5c01e,G0220B-M,p/gu1/G/G0220B-M/G0220B-M-9-bb87.jpg,9,t,f,f
f79609ed-d94d-1004-8ce2-70e36be5c01e,G0220B-M,p/gu1/G/G0220B-M/G0220B-M-4-bb87.jpg,4,t,f,f
f79609ed-d94d-1004-8ce2-70e36be5c01e,G0220B-M,p/gu1/G/G0220B-M/G0220B-M-10-bb87.jpg,2,t,f,f
f79609ed-d94d-1004-8ce2-70e36be5c01e,G0220B-M,p/gu1/G/G0220B-M/G0220B-M-1-bb87.jpg,1,t,t,t
0468de81-d914-1004-874c-d371c9ab96c0,H11869,p/tt/h/1/h11869-1-fcc5.jpg,7,t,f,f
0468de81-d914-1004-874c-d371c9ab96c0,H11869,p/tt/h/1/h11869-8-fcc5.jpg,4,t,f,f
0468de81-d914-1004-874c-d371c9ab96c0,H11869,p/tt/h/1/h11869-5-fcc5.jpg,3,t,f,f
0468de81-d914-1004-874c-d371c9ab96c0,H11869,p/tt/h/1/h11869-7-fcc5.jpg,5,t,f,f
0468de81-d914-1004-874c-d371c9ab96c0,H11869,p/tt/h/1/h11869-6-fcc5.jpg,8,t,f,f
0468de81-d914-1004-874c-d371c9ab96c0,H11869,p/tt/h/1/h11869-3-fcc5.jpg,2,t,f,f
0468de81-d914-1004-874c-d371c9ab96c0,H11869,p/tt/h/1/h11869-2-fcc5.jpg,6,t,f,f
0468de81-d914-1004-874c-d371c9ab96c0,H11869,p/tt/h/1/h11869-9-fcc5.jpg,1,t,t,t
00ad9068-d914-1004-874c-d371c9ab96c0,S193,p/tt/s/1/s193-3-a3d2.jpg,2,t,f,f
00ad9068-d914-1004-874c-d371c9ab96c0,S193,p/tt/s/1/s193-10-a3d2.jpg,5,t,f,f
00ad9068-d914-1004-874c-d371c9ab96c0,S193,p/tt/s/1/s193-7-a3d2.jpg,3,t,f,f
00ad9068-d914-1004-874c-d371c9ab96c0,S193,p/tt/s/1/s193-6-a3d2.jpg,4,t,f,f
00ad9068-d914-1004-874c-d371c9ab96c0,S193,p/tt/s/1/s193-2-a3d2.jpg,6,t,f,f
00ad9068-d914-1004-874c-d371c9ab96c0,S193,p/tt/s/1/s193-5-a3d2.jpg,1,t,f,f
00ad9068-d914-1004-874c-d371c9ab96c0,S193,p/tt/s/1/s193-4-a3d2.jpg,10,t,f,f
00ad9068-d914-1004-874c-d371c9ab96c0,S193,p/tt/s/1/s193-1-a3d2.jpg,9,t,t,t
00ad9068-d914-1004-874c-d371c9ab96c0,S193,p/tt/s/1/s193-8-a3d2.jpg,8,t,f,f
00ad9068-d914-1004-874c-d371c9ab96c0,S193,p/tt/s/1/s193-9-a3d2.jpg,7,t,f,f
00bb8d3a-d914-1004-874c-d371c9ab96c0,K1028,p/tt/k/1/k1028-1-c12e.jpg,3,t,f,f
00bb8d3a-d914-1004-874c-d371c9ab96c0,K1028,p/tt/k/1/k1028-2-c12e.jpg,5,t,f,f
00bb8d3a-d914-1004-874c-d371c9ab96c0,K1028,p/tt/k/1/k1028-6-c12e.jpg,1,t,t,t
00bb8d3a-d914-1004-874c-d371c9ab96c0,K1028,p/tt/k/1/k1028-4-c12e.jpg,4,t,f,f
00bb8d3a-d914-1004-874c-d371c9ab96c0,K1028,p/tt/k/1/k1028-3-c12e.jpg,2,t,f,f
00bb8d3a-d914-1004-874c-d371c9ab96c0,K1028,p/tt/k/1/k1028-8-c12e.jpg,8,t,f,f
00bb8d3a-d914-1004-874c-d371c9ab96c0,K1028,p/tt/k/1/k1028-7-c12e.jpg,7,t,f,f
00bb8d3a-d914-1004-874c-d371c9ab96c0,K1028,p/tt/k/1/k1028-5-c12e.jpg,6,t,f,f
0486b340-d914-1004-874c-d371c9ab96c0,K1743,p/tt/k/1/k1743-2-8aa2_1_.jpg,11,t,f,f
0486b340-d914-1004-874c-d371c9ab96c0,K1743,p/tt/k/1/k1743-1-8aa2.jpg,10,t,f,f
0486b340-d914-1004-874c-d371c9ab96c0,K1743,p/tt/k/1/k1743-2-8aa2.jpg,9,t,t,t
0486b340-d914-1004-874c-d371c9ab96c0,K1743,p/tt/k/1/k1743-3-8aa2_1_.jpg,8,t,f,f
0486b340-d914-1004-874c-d371c9ab96c0,K1743,p/tt/k/1/k1743-7-8aa2.jpg,7,t,f,f
0486b340-d914-1004-874c-d371c9ab96c0,K1743,p/tt/k/1/k1743-6-8aa2.jpg,6,t,f,f
0486b340-d914-1004-874c-d371c9ab96c0,K1743,p/tt/k/1/k1743-8-8aa2.jpg,5,t,f,f
0486b340-d914-1004-874c-d371c9ab96c0,K1743,p/tt/k/1/k1743-5-8aa2.jpg,4,t,f,f
0486b340-d914-1004-874c-d371c9ab96c0,K1743,p/tt/k/1/k1743-3-8aa2.jpg,3,t,f,f
0486b340-d914-1004-874c-d371c9ab96c0,K1743,p/tt/k/1/k1743-4-8aa2.jpg,2,t,f,f
0486b340-d914-1004-874c-d371c9ab96c0,K1743,p/tt/k/1/k1743-1-8aa2_1_.jpg,1,t,f,f
48dd096c-d986-1004-8e0c-b321d9e0c5c1,L0369,p/gu1/L/L0369/L0369-5-c54f.JPG,8,t,f,f
48dd096c-d986-1004-8e0c-b321d9e0c5c1,L0369,p/gu1/L/L0369/L0369-6-c54f.JPG,7,t,f,f
48dd096c-d986-1004-8e0c-b321d9e0c5c1,L0369,p/gu1/L/L0369/L0369-8-c54f.JPG,6,t,f,f
48dd096c-d986-1004-8e0c-b321d9e0c5c1,L0369,p/gu1/L/L0369/L0369-3-c54f.JPG,5,t,t,t
48dd096c-d986-1004-8e0c-b321d9e0c5c1,L0369,p/gu1/L/L0369/L0369-4-c54f.JPG,4,t,f,f
48dd096c-d986-1004-8e0c-b321d9e0c5c1,L0369,p/gu1/L/L0369/L0369-2-c54f.JPG,3,t,f,f
48dd096c-d986-1004-8e0c-b321d9e0c5c1,L0369,p/gu1/L/L0369/L0369-1-c54f.JPG,2,t,f,f
48dd096c-d986-1004-8e0c-b321d9e0c5c1,L0369,p/gu1/L/L0369/L0369-7-c54f.JPG,1,t,f,f
c82f08e8-d92f-1004-8e79-5d7e63ca983b,P1186B-US,p/tt/p/1/p1186b-us-5-fb78.jpg,15,t,f,f
c82f08e8-d92f-1004-8e79-5d7e63ca983b,P1186B-US,p/tt/p/1/p1186b-us-1-fb78.jpg,13,t,f,f
c82f08e8-d92f-1004-8e79-5d7e63ca983b,P1186B-US,p/tt/p/1/p1186b-us-7-fb78.jpg,12,t,f,f
c82f08e8-d92f-1004-8e79-5d7e63ca983b,P1186B-US,p/tt/p/1/p1186b-us-14-fb78.jpg,11,t,f,f
c82f08e8-d92f-1004-8e79-5d7e63ca983b,P1186B-US,p/tt/p/1/p1186b-us-3-fb78.jpg,10,t,f,f
c82f08e8-d92f-1004-8e79-5d7e63ca983b,P1186B-US,p/tt/p/1/p1186b-us-8-fb78.jpg,8,t,f,f
c82f08e8-d92f-1004-8e79-5d7e63ca983b,P1186B-US,p/tt/p/1/p1186b-us-12-fb78.jpg,7,t,f,f
c82f08e8-d92f-1004-8e79-5d7e63ca983b,P1186B-US,p/tt/p/1/p1186b-us-2-fb78.jpg,6,t,f,f
c82f08e8-d92f-1004-8e79-5d7e63ca983b,P1186B-US,p/tt/p/1/p1186b-us-10-fb78.jpg,5,t,f,f
c82f08e8-d92f-1004-8e79-5d7e63ca983b,P1186B-US,p/tt/p/1/p1186b-us-6-fb78.jpg,4,t,f,f
c82f08e8-d92f-1004-8e79-5d7e63ca983b,P1186B-US,p/tt/p/1/p1186b-us-9-fb78.jpg,3,t,f,f
c82f08e8-d92f-1004-8e79-5d7e63ca983b,P1186B-US,p/tt/p/1/p1186b-us-11-fb78.jpg,2,t,t,t
c82f08e8-d92f-1004-8e79-5d7e63ca983b,P1186B-US,p/tt/p/1/p1186b-us-15-fb78.jpg,1,t,f,f
d4dbcb68-d929-1004-835b-90389054983d,G0257B,p/tt/g/0/g0257b-4-76c5.jpg,6,t,f,f
d4dbcb68-d929-1004-835b-90389054983d,G0257B,p/tt/g/0/g0257b-3-76c5.jpg,5,t,f,f
d4dbcb68-d929-1004-835b-90389054983d,G0257B,p/tt/g/0/g0257b-1-76c5.jpg,4,t,f,f
d4dbcb68-d929-1004-835b-90389054983d,G0257B,p/tt/g/0/g0257b-6-76c5.jpg,3,t,f,f
d4dbcb68-d929-1004-835b-90389054983d,G0257B,p/tt/g/0/g0257b-2-76c5.jpg,2,t,f,f
d4dbcb68-d929-1004-835b-90389054983d,G0257B,p/tt/g/0/g0257b-5-76c5.jpg,1,t,t,t
d583b5bd-d929-1004-835b-90389054983d,G0407B-L,p/gu1/G/G0407B-L/G0407B-L-3-24e2.jpg,3,t,t,t
d583b5bd-d929-1004-835b-90389054983d,G0407B-L,p/gu1/G/G0407B-L/G0407B-L-5-24e2.jpg,5,t,f,f
d583b5bd-d929-1004-835b-90389054983d,G0407B-L,p/gu1/G/G0407B-L/G0407B-L-6-24e2.jpg,6,t,f,f
d583b5bd-d929-1004-835b-90389054983d,G0407B-L,p/gu1/G/G0407B-L/G0407B-L-7-24e2.jpg,7,t,f,f
d583b5bd-d929-1004-835b-90389054983d,G0407B-L,p/gu1/G/G0407B-L/G0407B-L-1-24e2.jpg,1,t,f,f
d583b5bd-d929-1004-835b-90389054983d,G0407B-L,p/gu1/G/G0407B-L/G0407B-L-4-24e2.jpg,4,t,f,f
d583b5bd-d929-1004-835b-90389054983d,G0407B-L,p/gu1/G/G0407B-L/G0407B-L-8-24e2.jpg,8,t,f,f
d583b5bd-d929-1004-835b-90389054983d,G0407B-L,p/gu1/G/G0407B-L/G0407B-L-2-24e2.jpg,2,t,f,f
006b6cac-d914-1004-874c-d371c9ab96c0,H8483,p/tt/h/8/h8483-2-0d3d.jpg,3,t,t,t
006b6cac-d914-1004-874c-d371c9ab96c0,H8483,p/tt/h/8/h8483-5-0d3d.jpg,1,t,f,f
006b6cac-d914-1004-874c-d371c9ab96c0,H8483,p/tt/h/8/h8483-1-0d3d.jpg,4,t,f,f
006b6cac-d914-1004-874c-d371c9ab96c0,H8483,p/tt/h/8/h8483-3-0d3d.jpg,5,t,f,f
006b6cac-d914-1004-874c-d371c9ab96c0,H8483,p/tt/h/8/h8483-4-0d3d.jpg,2,t,f,f
00b03fd9-d914-1004-874c-d371c9ab96c0,P240U,p/tt/1/2/12371968140.jpg,1,t,t,t
00b03fd9-d914-1004-874c-d371c9ab96c0,P240U,p/tt/1/2/12371968142.jpg,3,t,f,f
00b03fd9-d914-1004-874c-d371c9ab96c0,P240U,p/tt/1/2/12371968141.jpg,2,t,f,f
00b03fd9-d914-1004-874c-d371c9ab96c0,P240U,p/tt/1/2/12371968145.jpg,6,t,f,f
00b03fd9-d914-1004-874c-d371c9ab96c0,P240U,p/tt/1/2/12371968144.jpg,5,t,f,f
00b03fd9-d914-1004-874c-d371c9ab96c0,P240U,p/tt/1/2/12371968143.jpg,4,t,f,f
286d2f7c-d954-1004-885c-c392a656c1cb,K2076,p/gu1/K/K2076/K2076-1-b915.jpg,3,t,t,t
286d2f7c-d954-1004-885c-c392a656c1cb,K2076,p/gu1/K/K2076/K2076-2-b915.jpg,5,t,f,f
286d2f7c-d954-1004-885c-c392a656c1cb,K2076,p/gu1/K/K2076/K2076-5-b915.jpg,4,t,f,f
286d2f7c-d954-1004-885c-c392a656c1cb,K2076,p/gu1/K/K2076/K2076-4-b915.jpg,2,t,f,f
286d2f7c-d954-1004-885c-c392a656c1cb,K2076,p/gu1/K/K2076/K2076-3-b915.jpg,1,t,f,f
c8ef5058-d92f-1004-8e79-5d7e63ca983b,G0127B,p/tt/g/0/g0127b-7-25f4.jpg,14,t,t,t
c8ef5058-d92f-1004-8e79-5d7e63ca983b,G0127B,p/tt/g/0/g0127b-9-25f4.jpg,19,t,f,f
c8ef5058-d92f-1004-8e79-5d7e63ca983b,G0127B,p/tt/g/0/g0127b-3-25f4.jpg,21,t,f,f
c8ef5058-d92f-1004-8e79-5d7e63ca983b,G0127B,p/tt/g/0/g0127b-1-25f4.jpg,25,t,f,f
c8ef5058-d92f-1004-8e79-5d7e63ca983b,G0127B,p/tt/g/0/g0127b-5-25f4.jpg,12,t,f,f
c8ef5058-d92f-1004-8e79-5d7e63ca983b,G0127B,p/tt/g/0/g0127b-2-25f4.jpg,11,t,f,f
c8ef5058-d92f-1004-8e79-5d7e63ca983b,G0127B,p/tt/g/0/g0127b-8-25f4.jpg,10,t,f,f
c8ef5058-d92f-1004-8e79-5d7e63ca983b,G0127B,p/tt/g/0/g0127b-6-25f4.jpg,7,t,f,f
c8ef5058-d92f-1004-8e79-5d7e63ca983b,G0127B,p/tt/g/0/g0127b-10-25f4.jpg,6,t,f,f
c8ef5058-d92f-1004-8e79-5d7e63ca983b,G0127B,p/tt/g/0/g0127b-4-25f4.jpg,1,t,f,f
48847cac-d986-1004-8e0c-b321d9e0c5c1,L0366,p/gu1/L/L0366/L0366-6-a755.JPG,5,t,f,f
48847cac-d986-1004-8e0c-b321d9e0c5c1,L0366,p/gu1/L/L0366/L0366-7-a755.JPG,4,t,t,t
48847cac-d986-1004-8e0c-b321d9e0c5c1,L0366,p/gu1/L/L0366/L0366-2-a755.JPG,3,t,f,f
48847cac-d986-1004-8e0c-b321d9e0c5c1,L0366,p/gu1/L/L0366/L0366-3-a755.JPG,1,t,f,f
48847cac-d986-1004-8e0c-b321d9e0c5c1,L0366,p/gu1/L/L0366/L0366-8-a755.JPG,8,t,f,f
48847cac-d986-1004-8e0c-b321d9e0c5c1,L0366,p/gu1/L/L0366/L0366-1-a755.JPG,7,t,f,f
48847cac-d986-1004-8e0c-b321d9e0c5c1,L0366,p/gu1/L/L0366/L0366-4-a755.JPG,6,t,f,f
48847cac-d986-1004-8e0c-b321d9e0c5c1,L0366,p/gu1/L/L0366/L0366-5-a755.JPG,2,t,f,f
00ab1e84-d914-1004-874c-d371c9ab96c0,G0036BR,p/tt/g/0/g0036br-6-13ab.jpg,6,t,f,f
00ab1e84-d914-1004-874c-d371c9ab96c0,G0036BR,p/tt/g/0/g0036br-7-13ab.jpg,5,t,f,f
00ab1e84-d914-1004-874c-d371c9ab96c0,G0036BR,p/tt/g/0/g0036br-4-13ab.jpg,4,t,f,f
00ab1e84-d914-1004-874c-d371c9ab96c0,G0036BR,p/tt/g/0/g0036br-2-13ab.jpg,3,t,f,f
00ab1e84-d914-1004-874c-d371c9ab96c0,G0036BR,p/tt/g/0/g0036br-3-13ab.jpg,2,t,f,f
00ab1e84-d914-1004-874c-d371c9ab96c0,G0036BR,p/tt/g/0/g0036br-1-13ab.jpg,1,t,t,t
006d904f-d914-1004-874c-d371c9ab96c0,L0001,p/tt/l/0/l0001-16-77a5.jpg,1,t,t,t
006d904f-d914-1004-874c-d371c9ab96c0,L0001,p/tt/l/0/l0001-3-77a5.jpg,11,t,f,f
006d904f-d914-1004-874c-d371c9ab96c0,L0001,p/tt/l/0/l0001-15-77a5.jpg,5,t,f,f
006d904f-d914-1004-874c-d371c9ab96c0,L0001,p/tt/l/0/l0001-8-77a5.jpg,10,t,f,f
006d904f-d914-1004-874c-d371c9ab96c0,L0001,p/tt/l/0/l0001-2-77a5.jpg,4,t,f,f
006d904f-d914-1004-874c-d371c9ab96c0,L0001,p/tt/l/0/l0001-5-77a5.jpg,15,t,f,f
006d904f-d914-1004-874c-d371c9ab96c0,L0001,p/tt/l/0/l0001-9-77a5.jpg,9,t,f,f
006d904f-d914-1004-874c-d371c9ab96c0,L0001,p/tt/l/0/l0001-1-77a5.jpg,3,t,f,f
006d904f-d914-1004-874c-d371c9ab96c0,L0001,p/tt/l/0/l0001-14-77a5.jpg,14,t,f,f
006d904f-d914-1004-874c-d371c9ab96c0,L0001,p/tt/l/0/l0001-3-77a5_1_.jpg,8,t,f,f
006d904f-d914-1004-874c-d371c9ab96c0,L0001,p/tt/l/0/l0001-12-77a5.jpg,2,t,f,f
006d904f-d914-1004-874c-d371c9ab96c0,L0001,p/tt/l/0/l0001-4-77a5.jpg,12,t,f,f
006d904f-d914-1004-874c-d371c9ab96c0,L0001,p/tt/l/0/l0001-13-77a5.jpg,6,t,f,f
006d904f-d914-1004-874c-d371c9ab96c0,L0001,p/tt/l/0/l0001-11-77a5.jpg,13,t,f,f
006d904f-d914-1004-874c-d371c9ab96c0,L0001,p/tt/l/0/l0001-10-77a5.jpg,7,t,f,f
492a7620-d986-1004-8e0c-b321d9e0c5c1,L0372,p/gu1/L/L0372/L0372-1-d450.JPG,8,t,f,f
492a7620-d986-1004-8e0c-b321d9e0c5c1,L0372,p/gu1/L/L0372/L0372-8-d450.JPG,7,t,f,f
492a7620-d986-1004-8e0c-b321d9e0c5c1,L0372,p/gu1/L/L0372/L0372-3-d450.JPG,6,t,f,f
492a7620-d986-1004-8e0c-b321d9e0c5c1,L0372,p/gu1/L/L0372/L0372-2-d450.JPG,5,t,f,f
492a7620-d986-1004-8e0c-b321d9e0c5c1,L0372,p/gu1/L/L0372/L0372-4-d450.JPG,4,t,f,f
492a7620-d986-1004-8e0c-b321d9e0c5c1,L0372,p/gu1/L/L0372/L0372-5-d450.JPG,3,t,f,f
492a7620-d986-1004-8e0c-b321d9e0c5c1,L0372,p/gu1/L/L0372/L0372-6-d450.JPG,2,t,t,t
492a7620-d986-1004-8e0c-b321d9e0c5c1,L0372,p/gu1/L/L0372/L0372-7-d450.JPG,1,t,f,f
d4e39658-d929-1004-835b-90389054983d,G0275RO,p/tt/g/0/g0275ro-3-d571.jpg,24,t,t,t
d4e39658-d929-1004-835b-90389054983d,G0275RO,p/tt/g/0/g0275ro-7-d571.jpg,21,t,f,f
d4e39658-d929-1004-835b-90389054983d,G0275RO,p/tt/g/0/g0275ro-8-d571.jpg,26,t,f,f
d4e39658-d929-1004-835b-90389054983d,G0275RO,p/tt/g/0/g0275ro-5-d571.jpg,25,t,f,f
d4e39658-d929-1004-835b-90389054983d,G0275RO,p/tt/g/0/g0275ro-2-d571.jpg,23,t,f,f
d4e39658-d929-1004-835b-90389054983d,G0275RO,p/tt/g/0/g0275ro-4-d571.jpg,22,t,f,f
d4e39658-d929-1004-835b-90389054983d,G0275RO,p/tt/g/0/g0275ro-6-d571.jpg,20,t,f,f
009a99ae-d914-1004-874c-d371c9ab96c0,H9919,p/tt/h/9/h9919-2-f9e6.jpg,5,t,t,t
009a99ae-d914-1004-874c-d371c9ab96c0,H9919,p/tt/h/9/h9919-11-f9e6.jpg,17,t,f,f
009a99ae-d914-1004-874c-d371c9ab96c0,H9919,p/tt/h/9/h9919-17-f9e6.jpg,4,t,f,f
009a99ae-d914-1004-874c-d371c9ab96c0,H9919,p/tt/h/9/h9919-4-f9e6.jpg,16,t,f,f
009a99ae-d914-1004-874c-d371c9ab96c0,H9919,p/tt/h/9/h9919-12-f9e6.jpg,3,t,f,f
009a99ae-d914-1004-874c-d371c9ab96c0,H9919,p/tt/h/9/h9919-5-f9e6.jpg,2,t,f,f
009a99ae-d914-1004-874c-d371c9ab96c0,H9919,p/tt/h/9/h9919-6-f9e6.jpg,1,t,f,f
009a99ae-d914-1004-874c-d371c9ab96c0,H9919,p/tt/h/9/h9919-13-f9e6.jpg,18,t,f,f
009a99ae-d914-1004-874c-d371c9ab96c0,H9919,p/tt/h/9/h9919-10-f9e6.jpg,15,t,f,f
009a99ae-d914-1004-874c-d371c9ab96c0,H9919,p/tt/h/9/h9919-7-f9e6.jpg,14,t,f,f
009a99ae-d914-1004-874c-d371c9ab96c0,H9919,p/tt/h/9/h9919-1-f9e6.jpg,13,t,f,f
009a99ae-d914-1004-874c-d371c9ab96c0,H9919,p/tt/h/9/h9919-3-f9e6.jpg,12,t,f,f
009a99ae-d914-1004-874c-d371c9ab96c0,H9919,p/tt/h/9/h9919-18-f9e6.jpg,11,t,f,f
009a99ae-d914-1004-874c-d371c9ab96c0,H9919,p/tt/h/9/h9919-8-f9e6.jpg,10,t,f,f
009a99ae-d914-1004-874c-d371c9ab96c0,H9919,p/tt/h/9/h9919-16-f9e6.jpg,9,t,f,f
009a99ae-d914-1004-874c-d371c9ab96c0,H9919,p/tt/h/9/h9919-9-f9e6.jpg,8,t,f,f
009a99ae-d914-1004-874c-d371c9ab96c0,H9919,p/tt/h/9/h9919-14-f9e6.jpg,7,t,f,f
009a99ae-d914-1004-874c-d371c9ab96c0,H9919,p/tt/h/9/h9919-15-f9e6.jpg,6,t,f,f
d4e3bd66-d929-1004-835b-90389054983d,G0277B-M,p/gu1/G/G0277B-M/G0277B-M-6-4d93.jpg,6,t,t,t
d4e3bd66-d929-1004-835b-90389054983d,G0277B-M,p/gu1/G/G0277B-M/G0277B-M-1-4d93.jpg,1,t,f,f
d4e3bd66-d929-1004-835b-90389054983d,G0277B-M,p/gu1/G/G0277B-M/G0277B-M-3-4d93.jpg,3,t,f,f
d4e3bd66-d929-1004-835b-90389054983d,G0277B-M,p/gu1/G/G0277B-M/G0277B-M-7-4d93.jpg,7,t,f,f
d4e3bd66-d929-1004-835b-90389054983d,G0277B-M,p/gu1/G/G0277B-M/G0277B-M-9-4d93.jpg,9,t,f,f
d4e3bd66-d929-1004-835b-90389054983d,G0277B-M,p/gu1/G/G0277B-M/G0277B-M-8-4d93.jpg,8,t,f,f
d4e3bd66-d929-1004-835b-90389054983d,G0277B-M,p/gu1/G/G0277B-M/G0277B-M-5-4d93.jpg,5,t,f,f
d4e3bd66-d929-1004-835b-90389054983d,G0277B-M,p/gu1/G/G0277B-M/G0277B-M-4-4d93.jpg,4,t,f,f
d4e3bd66-d929-1004-835b-90389054983d,G0277B-M,p/gu1/G/G0277B-M/G0277B-M-2-4d93.jpg,2,t,f,f
48133d44-d986-1004-8e0c-b321d9e0c5c1,L0363,p/gu1/L/L0363/L0363-7-29b3.JPG,2,t,f,f
48133d44-d986-1004-8e0c-b321d9e0c5c1,L0363,p/gu1/L/L0363/L0363-3-29b3.JPG,1,t,t,t
48133d44-d986-1004-8e0c-b321d9e0c5c1,L0363,p/gu1/L/L0363/L0363-1-29b3.JPG,8,t,f,f
48133d44-d986-1004-8e0c-b321d9e0c5c1,L0363,p/gu1/L/L0363/L0363-8-29b3.JPG,7,t,f,f
48133d44-d986-1004-8e0c-b321d9e0c5c1,L0363,p/gu1/L/L0363/L0363-6-29b3.JPG,6,t,f,f
48133d44-d986-1004-8e0c-b321d9e0c5c1,L0363,p/gu1/L/L0363/L0363-4-29b3.JPG,5,t,f,f
48133d44-d986-1004-8e0c-b321d9e0c5c1,L0363,p/gu1/L/L0363/L0363-5-29b3.JPG,4,t,f,f
48133d44-d986-1004-8e0c-b321d9e0c5c1,L0363,p/gu1/L/L0363/L0363-2-29b3.JPG,3,t,f,f
0084d8f5-d914-1004-874c-d371c9ab96c0,D882,p/tt/d/8/d882-12-79c9.jpg,13,t,f,f
0084d8f5-d914-1004-874c-d371c9ab96c0,D882,p/tt/d/8/d882-14-79c9.jpg,12,t,f,f
0084d8f5-d914-1004-874c-d371c9ab96c0,D882,p/tt/d/8/d882-9-79c9.jpg,11,t,f,f
0084d8f5-d914-1004-874c-d371c9ab96c0,D882,p/tt/d/8/d882-11-79c9.jpg,10,t,f,f
0084d8f5-d914-1004-874c-d371c9ab96c0,D882,p/tt/d/8/d882-10-79c9.jpg,9,t,f,f
0084d8f5-d914-1004-874c-d371c9ab96c0,D882,p/tt/d/8/d882-7-79c9.jpg,8,t,f,f
0084d8f5-d914-1004-874c-d371c9ab96c0,D882,p/tt/d/8/d882-8-79c9.jpg,7,t,f,f
0084d8f5-d914-1004-874c-d371c9ab96c0,D882,p/tt/d/8/d882-5-79c9.jpg,6,t,f,f
0084d8f5-d914-1004-874c-d371c9ab96c0,D882,p/tt/d/8/d882-2-79c9.jpg,5,t,f,f
0084d8f5-d914-1004-874c-d371c9ab96c0,D882,p/tt/d/8/d882-4-79c9.jpg,4,t,f,f
0084d8f5-d914-1004-874c-d371c9ab96c0,D882,p/tt/d/8/d882-1-79c9.jpg,3,t,f,f
0084d8f5-d914-1004-874c-d371c9ab96c0,D882,p/tt/d/8/d882-3-79c9.jpg,2,t,f,f
0084d8f5-d914-1004-874c-d371c9ab96c0,D882,p/tt/d/8/d882-6-79c9.jpg,1,t,t,t
008eb902-d914-1004-874c-d371c9ab96c0,PA2053,p/tt/p/a/pa2053-4-4253.jpg,1,t,t,t
008eb902-d914-1004-874c-d371c9ab96c0,PA2053,p/tt/p/a/pa2053-12-4253.jpg,17,t,f,f
008eb902-d914-1004-874c-d371c9ab96c0,PA2053,p/tt/p/a/pa2053-7-4253.jpg,16,t,f,f
008eb902-d914-1004-874c-d371c9ab96c0,PA2053,p/tt/p/a/pa2053-8-4253.jpg,18,t,f,f
008eb902-d914-1004-874c-d371c9ab96c0,PA2053,p/tt/p/a/pa2053-14-4253.jpg,10,t,f,f
008eb902-d914-1004-874c-d371c9ab96c0,PA2053,p/tt/p/a/pa2053-16-4253.jpg,7,t,f,f
008eb902-d914-1004-874c-d371c9ab96c0,PA2053,p/tt/p/a/pa2053-2-4253.jpg,4,t,f,f
008eb902-d914-1004-874c-d371c9ab96c0,PA2053,p/tt/p/a/pa2053-10-4253.jpg,3,t,f,f
008eb902-d914-1004-874c-d371c9ab96c0,PA2053,p/tt/p/a/pa2053-15-4253.jpg,2,t,f,f
008eb902-d914-1004-874c-d371c9ab96c0,PA2053,p/tt/p/a/pa2053-9-4253.jpg,11,t,f,f
008eb902-d914-1004-874c-d371c9ab96c0,PA2053,p/tt/p/a/pa2053-17-4253.jpg,8,t,f,f
008eb902-d914-1004-874c-d371c9ab96c0,PA2053,p/tt/p/a/pa2053-5-4253.jpg,5,t,f,f
008eb902-d914-1004-874c-d371c9ab96c0,PA2053,p/tt/p/a/pa2053-21-4253.jpg,9,t,f,f
008eb902-d914-1004-874c-d371c9ab96c0,PA2053,p/tt/p/a/pa2053-19-4253.jpg,6,t,f,f
008eb902-d914-1004-874c-d371c9ab96c0,PA2053,p/tt/p/a/pa2053-13-4253.jpg,20,t,f,f
008eb902-d914-1004-874c-d371c9ab96c0,PA2053,p/tt/p/a/pa2053-3-4253.jpg,19,t,f,f
008eb902-d914-1004-874c-d371c9ab96c0,PA2053,p/tt/p/a/pa2053-11-4253.jpg,15,t,f,f
008eb902-d914-1004-874c-d371c9ab96c0,PA2053,p/tt/p/a/pa2053-6-4253.jpg,14,t,f,f
008eb902-d914-1004-874c-d371c9ab96c0,PA2053,p/tt/p/a/pa2053-22-4253.jpg,13,t,f,f
008eb902-d914-1004-874c-d371c9ab96c0,PA2053,p/tt/p/a/pa2053-18-4253.jpg,12,t,f,f
00657560-d914-1004-874c-d371c9ab96c0,H8814B,p/tt/h/8/h8814b-2-0976.gif,10,t,f,f
00657560-d914-1004-874c-d371c9ab96c0,H8814B,p/tt/h/8/h8814b-5-0976.jpg,9,t,f,f
00657560-d914-1004-874c-d371c9ab96c0,H8814B,p/tt/h/8/h8814b-7-0976.jpg,8,t,f,f
00657560-d914-1004-874c-d371c9ab96c0,H8814B,p/tt/h/8/h8814b-3-0976.jpg,7,t,f,f
00657560-d914-1004-874c-d371c9ab96c0,H8814B,p/tt/h/8/h8814b-2-0976.jpg,6,t,f,f
00657560-d914-1004-874c-d371c9ab96c0,H8814B,p/tt/h/8/h8814b-4-0976.jpg,5,t,f,f
00657560-d914-1004-874c-d371c9ab96c0,H8814B,p/tt/h/8/h8814b-8-0976.jpg,4,t,t,t
00657560-d914-1004-874c-d371c9ab96c0,H8814B,p/tt/h/8/h8814b-6-0976.jpg,3,t,f,f
00657560-d914-1004-874c-d371c9ab96c0,H8814B,p/tt/h/8/h8814b-1-0976.jpg,2,t,f,f
00657560-d914-1004-874c-d371c9ab96c0,H8814B,p/tt/f/i/file_16_22.gif,1,t,f,f
00ce9441-d914-1004-874c-d371c9ab96c0,D1127,p/tt/d/1/d1127-7-bf6d.jpg,3,t,f,f
00ce9441-d914-1004-874c-d371c9ab96c0,D1127,p/tt/d/1/d1127-5-bf6d.jpg,2,t,f,f
00ce9441-d914-1004-874c-d371c9ab96c0,D1127,p/tt/d/1/d1127-1-bf6d.jpg,1,t,f,f
00ce9441-d914-1004-874c-d371c9ab96c0,D1127,p/tt/d/1/d1127-_-bf6d.jpg,10,t,f,f
00ce9441-d914-1004-874c-d371c9ab96c0,D1127,p/tt/d/1/d1127--bf6d.jpg,9,t,f,f
00ce9441-d914-1004-874c-d371c9ab96c0,D1127,p/tt/d/1/d1127-8-bf6d.jpg,8,t,f,f
00ce9441-d914-1004-874c-d371c9ab96c0,D1127,p/tt/d/1/d1127-6-bf6d.jpg,7,t,f,f
00ce9441-d914-1004-874c-d371c9ab96c0,D1127,p/tt/d/1/d1127-2-bf6d.jpg,6,t,f,f
00ce9441-d914-1004-874c-d371c9ab96c0,D1127,p/tt/d/1/d1127-4-bf6d.jpg,5,t,f,f
00ce9441-d914-1004-874c-d371c9ab96c0,D1127,p/tt/d/1/d1127-3-bf6d.jpg,4,t,t,t
d4c5f20e-d929-1004-835b-90389054983d,H6023B,p/tt/h/6/h6023b-5-9114_1.jpg,3,t,t,t
d4c5f20e-d929-1004-835b-90389054983d,H6023B,p/tt/h/6/h6023b-8-9114_1.jpg,4,t,f,f
d4c5f20e-d929-1004-835b-90389054983d,H6023B,p/tt/h/6/h6023b-6-9114_1.jpg,2,t,f,f
d4c5f20e-d929-1004-835b-90389054983d,H6023B,p/tt/h/6/h6023br-3-fb00_1.jpg,34,t,f,f
d4c5f20e-d929-1004-835b-90389054983d,H6023B,p/tt/h/6/h6023br-8-fb00_1.jpg,33,t,f,f
d4c5f20e-d929-1004-835b-90389054983d,H6023B,p/tt/h/6/h6023br-2-fb00_1.jpg,32,t,f,f
d4c5f20e-d929-1004-835b-90389054983d,H6023B,p/tt/h/6/h6023br-4-fb00_1.jpg,31,t,f,f
d4c5f20e-d929-1004-835b-90389054983d,H6023B,p/tt/h/6/h6023br-6-fb00_1.jpg,30,t,f,f
d4c5f20e-d929-1004-835b-90389054983d,H6023B,p/tt/h/6/h6023br-1-fb00_1.jpg,29,t,f,f
d4c5f20e-d929-1004-835b-90389054983d,H6023B,p/tt/h/6/h6023br-7-fb00_1.jpg,28,t,f,f
d4c5f20e-d929-1004-835b-90389054983d,H6023B,p/tt/h/6/h6023br-5-fb00_1.jpg,27,t,f,f
d4c5f20e-d929-1004-835b-90389054983d,H6023B,p/tt/h/6/h6023bl-2-20cc_1.jpg,14,t,f,f
d4c5f20e-d929-1004-835b-90389054983d,H6023B,p/tt/h/6/h6023bl-4-20cc_1.jpg,13,t,f,f
d4c5f20e-d929-1004-835b-90389054983d,H6023B,p/tt/h/6/h6023bl-3-20cc_1.jpg,12,t,f,f
d4c5f20e-d929-1004-835b-90389054983d,H6023B,p/tt/h/6/h6023bl-5-20cc_1.jpg,11,t,f,f
d4c5f20e-d929-1004-835b-90389054983d,H6023B,p/tt/h/6/h6023bl-6-20cc_1.jpg,10,t,f,f
d4c5f20e-d929-1004-835b-90389054983d,H6023B,p/tt/h/6/h6023bl-7-20cc_1.jpg,9,t,f,f
d4c5f20e-d929-1004-835b-90389054983d,H6023B,p/tt/h/6/h6023be-2-8490_1.jpg,8,t,f,f
d4c5f20e-d929-1004-835b-90389054983d,H6023B,p/tt/h/6/h6023be-3-8490_1.jpg,7,t,f,f
d4c5f20e-d929-1004-835b-90389054983d,H6023B,p/tt/h/6/h6023be-1-8490_1.jpg,6,t,f,f
d4c5f20e-d929-1004-835b-90389054983d,H6023B,p/tt/h/6/h6023be-4-8490_1.jpg,5,t,f,f
d4c5f20e-d929-1004-835b-90389054983d,H6023B,p/tt/h/6/h6023b-7-9114_1.jpg,1,t,f,f
d49ebb65-d929-1004-835b-90389054983d,H2820B-L,p/gu1/H/H2820B-L/H2820B-L-6-5d7f.jpg,6,t,f,f
d49ebb65-d929-1004-835b-90389054983d,H2820B-L,p/gu1/H/H2820B-L/H2820B-L-5-5d7f.jpg,5,t,f,f
d49ebb65-d929-1004-835b-90389054983d,H2820B-L,p/gu1/H/H2820B-L/H2820B-L-4-5d7f.jpg,4,t,f,f
d49ebb65-d929-1004-835b-90389054983d,H2820B-L,p/gu1/H/H2820B-L/H2820B-L-3-5d7f.jpg,3,t,f,f
d49ebb65-d929-1004-835b-90389054983d,H2820B-L,p/gu1/H/H2820B-L/H2820B-L-8-5d7f.jpg,8,t,f,f
d49ebb65-d929-1004-835b-90389054983d,H2820B-L,p/gu1/H/H2820B-L/H2820B-L-7-5d7f.jpg,7,t,f,f
d49ebb65-d929-1004-835b-90389054983d,H2820B-L,p/gu1/H/H2820B-L/H2820B-L-2-5d7f.jpg,2,t,t,t
d49ebb65-d929-1004-835b-90389054983d,H2820B-L,p/gu1/H/H2820B-L/H2820B-L-1-5d7f.jpg,1,t,f,f
00af0570-d914-1004-874c-d371c9ab96c0,H3118,p/tt/h/3/h3118-4-f5b2.jpg,7,t,f,f
00af0570-d914-1004-874c-d371c9ab96c0,H3118,p/tt/h/3/h3118-9-f5b2.jpg,6,t,f,f
00af0570-d914-1004-874c-d371c9ab96c0,H3118,p/tt/h/3/h3118-3-f5b2.jpg,5,t,t,t
00af0570-d914-1004-874c-d371c9ab96c0,H3118,p/tt/h/3/h3118-2-f5b2.jpg,4,t,f,f
00af0570-d914-1004-874c-d371c9ab96c0,H3118,p/tt/h/3/h3118-1-f5b2.jpg,3,t,f,f
00af0570-d914-1004-874c-d371c9ab96c0,H3118,p/tt/h/3/h3118-10-f5b2.jpg,2,t,f,f
00af0570-d914-1004-874c-d371c9ab96c0,H3118,p/tt/h/3/h3118-6-f5b2.jpg,1,t,f,f
5dd0c318-d986-1004-8e0c-b321d9e0c5c1,W490,p/gu1/W/W490/W490-1-b9dd.jpg,10,t,f,f
5dd0c318-d986-1004-8e0c-b321d9e0c5c1,W490,p/gu1/W/W490/W490-8-b9dd.JPG,9,t,f,f
5dd0c318-d986-1004-8e0c-b321d9e0c5c1,W490,p/gu1/W/W490/W490-3-b9dd.JPG,8,t,f,f
5dd0c318-d986-1004-8e0c-b321d9e0c5c1,W490,p/gu1/W/W490/W490-6-b9dd.JPG,7,t,f,f
5dd0c318-d986-1004-8e0c-b321d9e0c5c1,W490,p/gu1/W/W490/W490-5-b9dd.JPG,6,t,f,f
5dd0c318-d986-1004-8e0c-b321d9e0c5c1,W490,p/gu1/W/W490/W490-2-b9dd.jpg,5,t,t,t
5dd0c318-d986-1004-8e0c-b321d9e0c5c1,W490,p/gu1/W/W490/W490-4-b9dd.JPG,4,t,f,f
5dd0c318-d986-1004-8e0c-b321d9e0c5c1,W490,p/gu1/W/W490/W490-7-b9dd.JPG,3,t,f,f
5dd0c318-d986-1004-8e0c-b321d9e0c5c1,W490,p/gu1/W/W490/W490-1-b9dd.JPG,2,t,f,f
5dd0c318-d986-1004-8e0c-b321d9e0c5c1,W490,p/gu1/W/W490/W490-2-b9dd.JPG,1,t,f,f
00c47e38-d914-1004-874c-d371c9ab96c0,G0051GR,p/tt/g/0/g0051gr-6-e0ae.jpg,7,t,f,f
00c47e38-d914-1004-874c-d371c9ab96c0,G0051GR,p/tt/g/0/g0051gr-8-e0ae.jpg,8,t,f,f
00c47e38-d914-1004-874c-d371c9ab96c0,G0051GR,p/tt/g/0/g0051gr-4-e0ae.jpg,5,t,f,f
00c47e38-d914-1004-874c-d371c9ab96c0,G0051GR,p/tt/g/0/g0051gr-9-e0ae.jpg,10,t,f,f
00c47e38-d914-1004-874c-d371c9ab96c0,G0051GR,p/tt/g/0/g0051gr-1-e0ae.jpg,2,t,f,f
00c47e38-d914-1004-874c-d371c9ab96c0,G0051GR,p/tt/g/0/g0051gr-5-e0ae.jpg,6,t,f,f
00c47e38-d914-1004-874c-d371c9ab96c0,G0051GR,p/tt/g/0/g0051gr-10-e0ae.jpg,1,t,t,t
00c47e38-d914-1004-874c-d371c9ab96c0,G0051GR,p/tt/g/0/g0051gr-3-e0ae.jpg,4,t,f,f
00c47e38-d914-1004-874c-d371c9ab96c0,G0051GR,p/tt/g/0/g0051gr-2-e0ae.jpg,3,t,f,f
93ccd6e8-d984-1004-8136-a12200f6b65b,D2462,p/gu1/D/D2462/D2462-25-c4ca.jpg,13,t,f,f
93ccd6e8-d984-1004-8136-a12200f6b65b,D2462,p/gu1/D/D2462/D2462-26-c4ca.jpg,12,t,f,f
93ccd6e8-d984-1004-8136-a12200f6b65b,D2462,p/gu1/D/D2462/D2462-29-c4ca.jpg,11,t,f,f
93ccd6e8-d984-1004-8136-a12200f6b65b,D2462,p/gu1/D/D2462/D2462-8-c4ca.jpg,32,t,f,f
93ccd6e8-d984-1004-8136-a12200f6b65b,D2462,p/gu1/D/D2462/D2462-14-c4ca.jpg,31,t,f,f
93ccd6e8-d984-1004-8136-a12200f6b65b,D2462,p/gu1/D/D2462/D2462-30-c4ca.jpg,30,t,f,f
93ccd6e8-d984-1004-8136-a12200f6b65b,D2462,http://www.guphotos.com/images/D/D2462/D2462-33-c4ca.jpg,29,t,f,f
93ccd6e8-d984-1004-8136-a12200f6b65b,D2462,p/gu1/D/D2462/D2462-22-c4ca.jpg,28,t,f,f
93ccd6e8-d984-1004-8136-a12200f6b65b,D2462,p/gu1/D/D2462/D2462-10-c4ca.jpg,27,t,f,f
93ccd6e8-d984-1004-8136-a12200f6b65b,D2462,p/gu1/D/D2462/D2462-27-c4ca.jpg,26,t,f,f
93ccd6e8-d984-1004-8136-a12200f6b65b,D2462,p/gu1/D/D2462/D2462-24-c4ca.jpg,25,t,f,f
93ccd6e8-d984-1004-8136-a12200f6b65b,D2462,p/gu1/D/D2462/D2462-1-c4ca.jpg,24,t,f,f
93ccd6e8-d984-1004-8136-a12200f6b65b,D2462,p/gu1/D/D2462/D2462-15-c4ca.jpg,23,t,f,f
93ccd6e8-d984-1004-8136-a12200f6b65b,D2462,p/gu1/D/D2462/D2462-28-c4ca.jpg,22,t,f,f
93ccd6e8-d984-1004-8136-a12200f6b65b,D2462,p/gu1/D/D2462/D2462-3-c4ca.jpg,21,t,f,f
93ccd6e8-d984-1004-8136-a12200f6b65b,D2462,p/gu1/D/D2462/D2462-5-c4ca.jpg,20,t,f,f
93ccd6e8-d984-1004-8136-a12200f6b65b,D2462,p/gu1/D/D2462/D2462-11-c4ca.jpg,19,t,f,f
93ccd6e8-d984-1004-8136-a12200f6b65b,D2462,p/gu1/D/D2462/D2462-32-c4ca.jpg,18,t,f,f
93ccd6e8-d984-1004-8136-a12200f6b65b,D2462,p/gu1/D/D2462/D2462-23-c4ca.jpg,17,t,f,f
93ccd6e8-d984-1004-8136-a12200f6b65b,D2462,p/gu1/D/D2462/D2462-13-c4ca.jpg,16,t,f,f
93ccd6e8-d984-1004-8136-a12200f6b65b,D2462,p/gu1/D/D2462/D2462-12-c4ca.jpg,15,t,f,f
93ccd6e8-d984-1004-8136-a12200f6b65b,D2462,p/gu1/D/D2462/D2462-20-c4ca.jpg,14,t,f,f
93ccd6e8-d984-1004-8136-a12200f6b65b,D2462,p/gu1/D/D2462/D2462-18-c4ca.jpg,10,t,f,f
93ccd6e8-d984-1004-8136-a12200f6b65b,D2462,p/gu1/D/D2462/D2462-16-c4ca.jpg,9,t,t,t
93ccd6e8-d984-1004-8136-a12200f6b65b,D2462,p/gu1/D/D2462/D2462-4-c4ca.jpg,8,t,f,f
93ccd6e8-d984-1004-8136-a12200f6b65b,D2462,p/gu1/D/D2462/D2462-9-c4ca.jpg,7,t,f,f
93ccd6e8-d984-1004-8136-a12200f6b65b,D2462,p/gu1/D/D2462/D2462-19-c4ca.jpg,6,t,f,f
93ccd6e8-d984-1004-8136-a12200f6b65b,D2462,p/gu1/D/D2462/D2462-2-c4ca.jpg,5,t,f,f
93ccd6e8-d984-1004-8136-a12200f6b65b,D2462,p/gu1/D/D2462/D2462-6-c4ca.jpg,4,t,f,f
93ccd6e8-d984-1004-8136-a12200f6b65b,D2462,p/gu1/D/D2462/D2462-17-c4ca.jpg,3,t,f,f
93ccd6e8-d984-1004-8136-a12200f6b65b,D2462,p/gu1/D/D2462/D2462-31-c4ca.jpg,2,t,f,f
93ccd6e8-d984-1004-8136-a12200f6b65b,D2462,p/gu1/D/D2462/D2462-21-c4ca.jpg,1,t,f,f
4910f1b4-d986-1004-8e0c-b321d9e0c5c1,L0371,p/gu1/L/L0371/L0371-3-bd5e.JPG,8,t,f,f
4910f1b4-d986-1004-8e0c-b321d9e0c5c1,L0371,p/gu1/L/L0371/L0371-5-bd5e.JPG,7,t,f,f
4910f1b4-d986-1004-8e0c-b321d9e0c5c1,L0371,p/gu1/L/L0371/L0371-8-bd5e.JPG,6,t,f,f
4910f1b4-d986-1004-8e0c-b321d9e0c5c1,L0371,p/gu1/L/L0371/L0371-1-bd5e.JPG,5,t,f,f
4910f1b4-d986-1004-8e0c-b321d9e0c5c1,L0371,p/gu1/L/L0371/L0371-6-bd5e.JPG,4,t,f,f
4910f1b4-d986-1004-8e0c-b321d9e0c5c1,L0371,p/gu1/L/L0371/L0371-2-bd5e.JPG,3,t,f,f
4910f1b4-d986-1004-8e0c-b321d9e0c5c1,L0371,p/gu1/L/L0371/L0371-7-bd5e.JPG,2,t,t,t
4910f1b4-d986-1004-8e0c-b321d9e0c5c1,L0371,p/gu1/L/L0371/L0371-4-bd5e.JPG,1,t,f,f
484908c0-d986-1004-8e0c-b321d9e0c5c1,L0364,p/gu1/L/L0364/L0364-2-6801.JPG,8,t,f,f
484908c0-d986-1004-8e0c-b321d9e0c5c1,L0364,p/gu1/L/L0364/L0364-5-6801.JPG,7,t,f,f
484908c0-d986-1004-8e0c-b321d9e0c5c1,L0364,p/gu1/L/L0364/L0364-8-6801.JPG,6,t,f,f
484908c0-d986-1004-8e0c-b321d9e0c5c1,L0364,p/gu1/L/L0364/L0364-3-6801.JPG,5,t,f,f
484908c0-d986-1004-8e0c-b321d9e0c5c1,L0364,p/gu1/L/L0364/L0364-6-6801.JPG,4,t,f,f
484908c0-d986-1004-8e0c-b321d9e0c5c1,L0364,p/gu1/L/L0364/L0364-7-6801.JPG,3,t,f,f
484908c0-d986-1004-8e0c-b321d9e0c5c1,L0364,p/gu1/L/L0364/L0364-4-6801.JPG,2,t,t,t
484908c0-d986-1004-8e0c-b321d9e0c5c1,L0364,p/gu1/L/L0364/L0364-1-6801.JPG,1,t,f,f
04616157-d914-1004-874c-d371c9ab96c0,H1809,p/tt/1/2/12725568832.jpg,3,t,f,f
04616157-d914-1004-874c-d371c9ab96c0,H1809,p/tt/1/2/12725568831.jpg,2,t,f,f
04616157-d914-1004-874c-d371c9ab96c0,H1809,p/tt/1/2/12725568830.jpg,1,t,t,t
04616157-d914-1004-874c-d371c9ab96c0,H1809,p/tt/2/0/20100814_img_000274.jpg,9,t,f,f
04616157-d914-1004-874c-d371c9ab96c0,H1809,p/tt/1/2/12725568847.jpg,8,t,f,f
04616157-d914-1004-874c-d371c9ab96c0,H1809,p/tt/1/2/12725568846.gif,7,t,f,f
04616157-d914-1004-874c-d371c9ab96c0,H1809,p/tt/1/2/12725568835.jpg,6,t,f,f
04616157-d914-1004-874c-d371c9ab96c0,H1809,p/tt/1/2/12725568834.jpg,5,t,f,f
04616157-d914-1004-874c-d371c9ab96c0,H1809,p/tt/1/2/12725568833.jpg,4,t,f,f
00703478-d914-1004-874c-d371c9ab96c0,I455,p/gu1/I/I455/I455-8-5d88.JPG,3,t,t,t
00703478-d914-1004-874c-d371c9ab96c0,I455,p/gu1/I/I455/I455-5-5d88.JPG,4,t,f,f
00703478-d914-1004-874c-d371c9ab96c0,I455,p/gu1/I/I455/I455-6-5d88.JPG,2,t,f,f
00703478-d914-1004-874c-d371c9ab96c0,I455,p/gu1/I/I455/I455-7-5d88.JPG,7,t,f,f
00703478-d914-1004-874c-d371c9ab96c0,I455,p/gu1/I/I455/I455-3-5d88.JPG,1,t,f,f
00703478-d914-1004-874c-d371c9ab96c0,I455,p/gu1/I/I455/I455-2-5d88.JPG,8,t,f,f
00703478-d914-1004-874c-d371c9ab96c0,I455,p/gu1/I/I455/I455-4-5d88.JPG,6,t,f,f
00703478-d914-1004-874c-d371c9ab96c0,I455,p/gu1/I/I455/I455-1-5d88.JPG,5,t,f,f
98fa37c8-d984-1004-8136-a12200f6b65b,K1573BL,p/gu1/K/K1573BL/K1573BL-5-4e14.jpg,2,t,t,t
98fa37c8-d984-1004-8136-a12200f6b65b,K1573BL,p/gu1/K/K1573BL/K1573BL-2-4e14.jpg,7,t,f,f
98fa37c8-d984-1004-8136-a12200f6b65b,K1573BL,p/gu1/K/K1573BL/K1573BL-4-4e14.jpg,6,t,f,f
98fa37c8-d984-1004-8136-a12200f6b65b,K1573BL,p/gu1/K/K1573BL/K1573BL-1-4e14.jpg,5,t,f,f
98fa37c8-d984-1004-8136-a12200f6b65b,K1573BL,p/gu1/K/K1573BL/K1573BL-3-4e14.jpg,4,t,f,f
98fa37c8-d984-1004-8136-a12200f6b65b,K1573BL,p/gu1/K/K1573BL/K1573BL-7-4e14.jpg,3,t,f,f
98fa37c8-d984-1004-8136-a12200f6b65b,K1573BL,p/gu1/K/K1573BL/K1573BL-6-4e14.jpg,1,t,f,f
0cc194ee-d914-1004-874c-d371c9ab96c0,H2099,p/tt/2/0/20110603_img_020258.jpg,9,t,f,f
0cc194ee-d914-1004-874c-d371c9ab96c0,H2099,p/tt/2/0/20110603_img_020256.jpg,8,t,f,f
0cc194ee-d914-1004-874c-d371c9ab96c0,H2099,p/tt/2/0/20110603_img_020252.jpg,7,t,f,f
0cc194ee-d914-1004-874c-d371c9ab96c0,H2099,p/tt/2/0/20110603_img_020251.jpg,6,t,f,f
0cc194ee-d914-1004-874c-d371c9ab96c0,H2099,p/tt/2/0/20110603_img_020249.jpg,5,t,f,f
0cc194ee-d914-1004-874c-d371c9ab96c0,H2099,p/tt/1/2/12589643330.jpg,1,t,t,t
9c9d5ecc-d953-1004-8d69-5a85bd8eaccc,L0301,p/gu1/L/L0301/L0301-1-384e.JPG,6,t,t,t
9c9d5ecc-d953-1004-8d69-5a85bd8eaccc,L0301,p/gu1/L/L0301/L0301-6-384e.JPG,7,t,f,f
9c9d5ecc-d953-1004-8d69-5a85bd8eaccc,L0301,p/gu1/L/L0301/L0301-5-384e.JPG,4,t,f,f
9c9d5ecc-d953-1004-8d69-5a85bd8eaccc,L0301,p/gu1/L/L0301/L0301-4-384e.JPG,3,t,f,f
9c9d5ecc-d953-1004-8d69-5a85bd8eaccc,L0301,p/gu1/L/L0301/L0301-7-384e.JPG,5,t,f,f
9c9d5ecc-d953-1004-8d69-5a85bd8eaccc,L0301,p/gu1/L/L0301/L0301-3-384e.JPG,1,t,f,f
9c9d5ecc-d953-1004-8d69-5a85bd8eaccc,L0301,p/gu1/L/L0301/L0301-2-384e.JPG,2,t,f,f
986d600e-d941-1004-8d00-f7eee594cf91,I177,p/tt/i/1/i177-3-3f27.jpg,7,t,f,f
986d600e-d941-1004-8d00-f7eee594cf91,I177,p/tt/i/1/i177-8-3f27.jpg,8,t,f,f
986d600e-d941-1004-8d00-f7eee594cf91,I177,p/tt/i/1/i177-5-3f27.jpg,6,t,f,f
986d600e-d941-1004-8d00-f7eee594cf91,I177,p/tt/i/1/i177-2-3f27.jpg,5,t,f,f
986d600e-d941-1004-8d00-f7eee594cf91,I177,p/tt/i/1/i177-6-3f27.jpg,4,t,f,f
986d600e-d941-1004-8d00-f7eee594cf91,I177,p/tt/i/1/i177-7-3f27.jpg,3,t,f,f
986d600e-d941-1004-8d00-f7eee594cf91,I177,p/tt/i/1/i177-1-3f27.jpg,2,t,f,f
986d600e-d941-1004-8d00-f7eee594cf91,I177,p/tt/i/1/i177-4-3f27_1_.jpg,1,t,t,t
00a1fa65-d914-1004-874c-d371c9ab96c0,D1768,p/tt/d/1/d1768-7-343f.jpg,1,t,t,t
00a1fa65-d914-1004-874c-d371c9ab96c0,D1768,p/tt/d/1/d1768-3-343f.jpg,2,t,f,f
00a1fa65-d914-1004-874c-d371c9ab96c0,D1768,p/tt/d/1/d1768-2-343f.jpg,8,t,f,f
00a1fa65-d914-1004-874c-d371c9ab96c0,D1768,p/tt/d/1/d1768-6-343f.jpg,7,t,f,f
00a1fa65-d914-1004-874c-d371c9ab96c0,D1768,p/tt/d/1/d1768-5-343f.jpg,6,t,f,f
00a1fa65-d914-1004-874c-d371c9ab96c0,D1768,p/tt/d/1/d1768-8-343f.jpg,5,t,f,f
00a1fa65-d914-1004-874c-d371c9ab96c0,D1768,p/tt/d/1/d1768-4-343f.jpg,4,t,f,f
00a1fa65-d914-1004-874c-d371c9ab96c0,D1768,p/tt/d/1/d1768-1-343f.jpg,3,t,f,f
9bff89b4-d984-1004-8136-a12200f6b65b,W325-01,p/gu1/W/W325-01/W325-01-9-5368.JPG,14,t,f,f
9bff89b4-d984-1004-8136-a12200f6b65b,W325-01,p/gu1/W/W325-01/W325-01-2-5368.JPG,13,t,f,f
9bff89b4-d984-1004-8136-a12200f6b65b,W325-01,p/gu1/W/W325-01/W325-01-11-5368.JPG,12,t,f,f
9bff89b4-d984-1004-8136-a12200f6b65b,W325-01,p/gu1/W/W325-01/W325-01-4-5368.JPG,11,t,f,f
9bff89b4-d984-1004-8136-a12200f6b65b,W325-01,p/gu1/W/W325-01/W325-01-4-5368.jpg,10,t,f,f
9bff89b4-d984-1004-8136-a12200f6b65b,W325-01,p/gu1/W/W325-01/W325-01-3-5368.JPG,9,t,f,f
9bff89b4-d984-1004-8136-a12200f6b65b,W325-01,p/gu1/W/W325-01/W325-01-7-5368.JPG,8,t,f,f
9bff89b4-d984-1004-8136-a12200f6b65b,W325-01,p/gu1/W/W325-01/W325-01-1-5368.JPG,7,t,f,f
9bff89b4-d984-1004-8136-a12200f6b65b,W325-01,p/gu1/W/W325-01/W325-01-5-5368.JPG,6,t,f,f
9bff89b4-d984-1004-8136-a12200f6b65b,W325-01,p/gu1/W/W325-01/W325-01-3-5368.jpg,5,t,f,f
9bff89b4-d984-1004-8136-a12200f6b65b,W325-01,p/gu1/W/W325-01/W325-01-10-5368.JPG,4,t,t,t
9bff89b4-d984-1004-8136-a12200f6b65b,W325-01,p/gu1/W/W325-01/W325-01-8-5368.JPG,3,t,f,f
9bff89b4-d984-1004-8136-a12200f6b65b,W325-01,p/gu1/W/W325-01/W325-01-6-5368.JPG,2,t,f,f
9bff89b4-d984-1004-8136-a12200f6b65b,W325-01,p/gu1/W/W325-01/W325-01-1-5368.jpg,1,t,f,f
d4faa895-d929-1004-835b-90389054983d,V515B,p/tt/v/5/v515b-8-1503_1.jpg,18,t,f,f
d4faa895-d929-1004-835b-90389054983d,V515B,p/tt/v/5/v515b-9-1503_1.jpg,12,t,f,f
d4faa895-d929-1004-835b-90389054983d,V515B,p/tt/v/5/v515b-1-1503_1.jpg,20,t,f,f
d4faa895-d929-1004-835b-90389054983d,V515B,p/tt/v/5/v515b-15-1503_1.jpg,19,t,f,f
d4faa895-d929-1004-835b-90389054983d,V515B,p/tt/v/5/v515b-10-1503_1.jpg,17,t,f,f
d4faa895-d929-1004-835b-90389054983d,V515B,p/tt/v/5/v515b-13-1503_1.jpg,15,t,f,f
d4faa895-d929-1004-835b-90389054983d,V515B,p/tt/v/5/v515b-6-1503_1.jpg,16,t,f,f
d4faa895-d929-1004-835b-90389054983d,V515B,p/tt/v/5/v515b-18-1503_1.jpg,14,t,f,f
d4faa895-d929-1004-835b-90389054983d,V515B,p/tt/v/5/v515b-12-1503_1.jpg,13,t,f,f
d4faa895-d929-1004-835b-90389054983d,V515B,p/tt/v/5/v515b-14-1503_1.jpg,11,t,f,f
d4faa895-d929-1004-835b-90389054983d,V515B,p/tt/v/5/v515b-20-1503_1.jpg,10,t,f,f
d4faa895-d929-1004-835b-90389054983d,V515B,p/tt/v/5/v515b-11-1503_1.jpg,9,t,f,f
d4faa895-d929-1004-835b-90389054983d,V515B,p/tt/v/5/v515b-16-1503_1.jpg,8,t,f,f
d4faa895-d929-1004-835b-90389054983d,V515B,p/tt/v/5/v515b-4-1503_1.jpg,7,t,f,f
d4faa895-d929-1004-835b-90389054983d,V515B,p/tt/v/5/v515b-21-1503_1.jpg,6,t,f,f
d4faa895-d929-1004-835b-90389054983d,V515B,p/tt/v/5/v515b-2-1503_1.jpg,5,t,f,f
d4faa895-d929-1004-835b-90389054983d,V515B,p/tt/v/5/v515b-19-1503_1.jpg,4,t,f,f
d4faa895-d929-1004-835b-90389054983d,V515B,p/tt/v/5/v515b-7-1503_1.jpg,3,t,f,f
d4faa895-d929-1004-835b-90389054983d,V515B,p/tt/v/5/v515b-17-1503_1.jpg,2,t,t,t
d4faa895-d929-1004-835b-90389054983d,V515B,p/tt/v/5/v515b-22-1503_1.jpg,1,t,f,f
5d83d620-d986-1004-8e0c-b321d9e0c5c1,H14111,p/gu1/H/H14111/H14111-4-fe75.JPG,10,t,f,f
5d83d620-d986-1004-8e0c-b321d9e0c5c1,H14111,p/gu1/H/H14111/H14111-5-fe75.JPG,9,t,f,f
5d83d620-d986-1004-8e0c-b321d9e0c5c1,H14111,p/gu1/H/H14111/H14111-1-fe75.JPG,8,t,f,f
5d83d620-d986-1004-8e0c-b321d9e0c5c1,H14111,p/gu1/H/H14111/H14111-8-fe75.JPG,7,t,t,t
5d83d620-d986-1004-8e0c-b321d9e0c5c1,H14111,p/gu1/H/H14111/H14111-2-fe75.JPG,6,t,f,f
5d83d620-d986-1004-8e0c-b321d9e0c5c1,H14111,p/gu1/H/H14111/H14111-1-fe75.jpg,5,t,f,f
5d83d620-d986-1004-8e0c-b321d9e0c5c1,H14111,p/gu1/H/H14111/H14111-9-fe75.JPG,4,t,f,f
5d83d620-d986-1004-8e0c-b321d9e0c5c1,H14111,p/gu1/H/H14111/H14111-6-fe75.JPG,3,t,f,f
5d83d620-d986-1004-8e0c-b321d9e0c5c1,H14111,p/gu1/H/H14111/H14111-3-fe75.JPG,2,t,f,f
5d83d620-d986-1004-8e0c-b321d9e0c5c1,H14111,p/gu1/H/H14111/H14111-7-fe75.JPG,1,t,f,f
d4e3e478-d929-1004-835b-90389054983d,G0279B-L,p/gu1/G/G0279B-L/G0279B-L-3-f543.jpg,4,t,f,f
d4e3e478-d929-1004-835b-90389054983d,G0279B-L,p/gu1/G/G0279B-L/G0279B-L-8-f543.jpg,9,t,f,f
d4e3e478-d929-1004-835b-90389054983d,G0279B-L,p/gu1/G/G0279B-L/G0279B-L-5-f543.jpg,6,t,f,f
d4e3e478-d929-1004-835b-90389054983d,G0279B-L,p/gu1/G/G0279B-L/G0279B-L-4-f543.jpg,5,t,f,f
d4e3e478-d929-1004-835b-90389054983d,G0279B-L,p/gu1/G/G0279B-L/G0279B-L-9-f543.jpg,10,t,f,f
d4e3e478-d929-1004-835b-90389054983d,G0279B-L,p/gu1/G/G0279B-L/G0279B-L-6-f543.jpg,7,t,f,f
d4e3e478-d929-1004-835b-90389054983d,G0279B-L,p/gu1/G/G0279B-L/G0279B-L-2-f543.jpg,3,t,f,f
d4e3e478-d929-1004-835b-90389054983d,G0279B-L,p/gu1/G/G0279B-L/G0279B-L-10-f543.jpg,2,t,f,f
d4e3e478-d929-1004-835b-90389054983d,G0279B-L,p/gu1/G/G0279B-L/G0279B-L-7-f543.jpg,8,t,f,f
d4e3e478-d929-1004-835b-90389054983d,G0279B-L,p/gu1/G/G0279B-L/G0279B-L-1-f543.jpg,1,t,t,t
5e98b378-d986-1004-8e0c-b321d9e0c5c1,W789,p/gu1/W/W789/W789-1-d963.jpg,8,t,t,t
5e98b378-d986-1004-8e0c-b321d9e0c5c1,W789,p/gu1/W/W789/W789-4-d963.JPG,7,t,f,f
5e98b378-d986-1004-8e0c-b321d9e0c5c1,W789,p/gu1/W/W789/W789-7-d963.JPG,6,t,f,f
5e98b378-d986-1004-8e0c-b321d9e0c5c1,W789,p/gu1/W/W789/W789-2-d963.JPG,5,t,f,f
5e98b378-d986-1004-8e0c-b321d9e0c5c1,W789,p/gu1/W/W789/W789-3-d963.JPG,4,t,f,f
5e98b378-d986-1004-8e0c-b321d9e0c5c1,W789,p/gu1/W/W789/W789-5-d963.JPG,3,t,f,f
5e98b378-d986-1004-8e0c-b321d9e0c5c1,W789,p/gu1/W/W789/W789-6-d963.JPG,2,t,f,f
5e98b378-d986-1004-8e0c-b321d9e0c5c1,W789,p/gu1/W/W789/W789-1-d963.JPG,1,t,f,f
ca49d9a1-d92f-1004-8e79-5d7e63ca983b,G0222CA-M,p/gu1/G/G0222CA-M/G0222CA-M-1-ed69.jpg,1,t,t,t
ca49d9a1-d92f-1004-8e79-5d7e63ca983b,G0222CA-M,p/gu1/G/G0222CA-M/G0222CA-M-2-ed69.jpg,2,t,f,f
ca49d9a1-d92f-1004-8e79-5d7e63ca983b,G0222CA-M,p/gu1/G/G0222CA-M/G0222CA-M-4-ed69.jpg,4,t,f,f
ca49d9a1-d92f-1004-8e79-5d7e63ca983b,G0222CA-M,p/gu1/G/G0222CA-M/G0222CA-M-3-ed69.jpg,3,t,f,f